date;artistName;daily_listening_count
2024-10-04;King Krule;1
2024-10-04;Wax Poetic;2
2024-10-04;Kylie Minogue;1
2024-10-04;Moriarty;2
2024-10-04;Bronski Beat;1
2024-10-04;Dhafer Youssef;1
2024-10-04;Sakin;5
2024-10-04;Siyasiyabend;3
2024-10-04;Yavuz Çetin;1
2024-10-04;Henry The Lee;1
2024-10-04;Mehmet Güreli;1
2024-10-04;Kramp;1
2024-10-04;Anouar Brahem;1
2024-10-04;Guts;1
2024-10-04;Joan Chamorro;1
2024-10-04;Thievery Corporation;3
2024-10-04;Gotan Project;2
2024-10-04;Bobby Womack;1
2024-10-04;Troublemakers;1
2024-10-04;Alice Russell;1
2024-10-04;The Herbaliser;1
2024-10-04;TM Juke;1
2024-10-04;Ilhan Ersahin;1
2024-10-04;Barcelona Gipsy Klezmer Orchestra;1
2024-10-04;Alan Tew;1
2024-10-04;Büyük Ev Ablukada;12
2024-10-04;Palmiyeler;1
2024-10-04;Ari Barokas;1
2024-10-04;Bulutsuzluk Özlemi;1
2024-10-04;B.B. King;1
2024-10-04;BADBADNOTGOOD;1
2024-10-04;Albin de la Simone;1
2024-10-04;Michelle Gurevich;1
2024-10-04;Rolando Alarcon;2
2024-10-04;Steppenwolf;1
2024-10-04;Roxy Music;1
2024-10-04;Goran Bregović;1
2024-10-04;Pitbull;1
2024-10-04;UFO;1
2024-10-04;Supertramp;1
2024-10-04;Alice Cooper;1
2024-10-04;The Dø;1
2024-10-04;MEG MYERS;1
2024-10-04;Duman;1
2024-10-04;Sabina Sciubba;1
2024-10-04;Malik Djoudi;1
2024-10-04;Jacqueline Taieb;1
2024-10-04;Lana Del Rey;1
2024-10-04;Chris Montez;1
2024-10-04;The Gluts;1
2024-10-04;Guns N' Roses;1
2024-10-04;Chingon;1
2024-10-04;Egemen Akkol;1
2024-10-05;Bobby Womack;2
2024-10-05;Sheer Mag;1
2024-10-05;Miel De Montagne;1
2024-10-05;Dafuniks;1
2024-10-05;Hardal;2
2024-10-05;Ben Webster;1
2024-10-05;Yasemin Mori;1
2024-10-05;L'Impératrice;1
2024-10-05;Meri Lida;1
2024-10-05;Lita Ford;1
2024-10-05;Jacky Terrasson;1
2024-10-05;Princess Chelsea;2
2024-10-05;Robert Plant;2
2024-10-05;Tim Curry;1
2024-10-05;PJ Harvey;1
2024-10-05;Moriarty;1
2024-10-05;The Limiñanas;1
2024-10-05;Blue Öyster Cult;1
2024-10-05;Gadjo Dilo;1
2024-10-05;Radiohead;1
2024-10-05;Other Lives;1
2024-10-05;Teoman;1
2024-10-05;Camp Claude;1
2024-10-05;Pinhani;1
2024-10-05;Ichiro Shimoda;1
2024-10-05;Nil Karaibrahimgil;1
2024-10-05;Black Sabbath;1
2024-10-05;Al Stewart;1
2024-10-05;Eyedress;1
2024-10-05;Janko Nilovic;1
2024-10-05;Eleni Karaindrou;1
2024-10-05;Krzysztof Kobylinski;1
2024-10-05;Yavuz Çetin;3
2024-10-05;Sakin;2
2024-10-05;Ari Barokas;1
2024-10-05;Siyasiyabend;1
2024-10-05;Gülce Duru;1
2024-10-05;Kaan Tangöze;1
2024-10-05;Alan Tew;1
2024-10-05;Romare;1
2024-10-05;Mo' Horizons;1
2024-10-05;Anouar Brahem;1
2024-10-05;Thievery Corporation;2
2024-10-05;Vincent Peirani;1
2024-10-05;Ilhan Ersahin;2
2024-10-05;Red Hot Chili Peppers;2
2024-10-05;Green Day;1
2024-10-05;Nirvana;1
2024-10-05;System Of A Down;1
2024-10-05;Talking Heads;1
2024-10-05;The Doors;1
2024-10-05;Büyük Ev Ablukada;9
2024-10-06;Büyük Ev Ablukada;24
2024-10-06;Palmiyeler;11
2024-10-06;Sakin;11
2024-10-06;Bulutsuzluk Özlemi;2
2024-10-06;Ari Barokas;9
2024-10-06;Siyasiyabend;6
2024-10-06;Son Feci Bisiklet;7
2024-10-06;Flört;1
2024-10-06;Yavuz Çetin;6
2024-10-06;Henry The Lee;1
2024-10-06;Feyyaz Yigit;5
2024-10-06;Fırat Ağacık;1
2024-10-06;Mehmet Güreli;1
2024-10-06;Kesmeşeker;1
2024-10-06;No Land;6
2024-10-06;Kaan Tangöze;1
2024-10-06;Adamlar;4
2024-10-06;Yüzyüzeyken Konuşuruz;3
2024-10-06;Peyk;3
2024-10-06;Güncel Gürsel Artıktay;1
2024-10-06;Lin Pesto;8
2024-10-06;Can Güngör;2
2024-10-06;Kaan Boşnak;1
2024-10-06;Yasemin Mori;1
2024-10-06;TurkodiRoma;1
2024-10-06;Jakuzi;5
2024-10-06;Brek;3
2024-10-06;Sedef Sebüktekin;1
2024-10-06;Gaye Su Akyol;1
2024-10-06;Can Kazaz;1
2024-10-06;Hedonutopia;1
2024-10-06;Soft Analog;1
2024-10-06;uclercagri;1
2024-10-06;Doğan Duru;1
2024-10-06;La Femme;2
2024-10-06;Malik Djoudi;2
2024-10-06;Vendredi sur Mer;1
2024-10-06;Juniore;2
2024-10-06;Jacqueline Taieb;1
2024-10-06;MPL;1
2024-10-06;Reymour;1
2024-10-06;AGAV;1
2024-10-06;Pépite;1
2024-10-06;George Mgrdichian;3
2024-10-06;Zafer Taşdan;1
2024-10-06;Chapelier Fou;1
2024-10-06;Gus Vali;1
2024-10-06;Andre Hajj Ensemble;1
2024-10-06;Lou Reed;2
2024-10-06;Rodríguez;2
2024-10-06;America;2
2024-10-06;The Doors;3
2024-10-06;The Rolling Stones;1
2024-10-06;Creedence Clearwater Revival;2
2024-10-06;Jimi Hendrix;2
2024-10-06;J.J. Cale;1
2024-10-06;Ry Cooder;1
2024-10-06;Canned Heat;1
2024-10-06;Dusty Springfield;1
2024-10-06;Marvin Gaye;1
2024-10-06;The Temptations;1
2024-10-06;Jefferson Airplane;1
2024-10-06;AC/DC;1
2024-10-06;Motörhead;1
2024-10-06;Led Zeppelin;1
2024-10-06;John C. Cale and Nico Nico;1
2024-10-06;Marion Black;1
2024-10-06;The Box Tops;1
2024-10-06;Booker T. & the M.G.'s;1
2024-10-06;Trend Müzik Orkestrası;1
2024-10-07;The Rolling Stones;2
2024-10-07;Büyük Ev Ablukada;3
2024-10-07;bar italia;3
2024-10-07;mark william lewis;2
2024-10-07;America;4
2024-10-07;The Doors;3
2024-10-07;Ry Cooder;1
2024-10-07;Canned Heat;1
2024-10-07;Creedence Clearwater Revival;1
2024-10-07;J.J. Cale;1
2024-10-07;Jimi Hendrix;2
2024-10-07;Dusty Springfield;1
2024-10-07;Marvin Gaye;1
2024-10-07;The Temptations;1
2024-10-07;Jefferson Airplane;1
2024-10-07;Füsun Önal;5
2024-10-07;Rana Alagöz;2
2024-10-07;Şenay;3
2024-10-07;Gökben;1
2024-10-07;Marc Aryan;3
2024-10-07;Mavi Işıklar;2
2024-10-07;Alpay;1
2024-10-07;Asu Maralman;2
2024-10-07;Ersen ve Dadaşlar;1
2024-10-07;L.S.D. Orkestrası;1
2024-10-07;Hümeyra;3
2024-10-07;Ayla Dikmen;1
2024-10-07;Aylin Urgal;1
2024-10-07;Gönül Yazar;1
2024-10-07;Ten Years After;1
2024-10-07;Lou Reed;1
2024-10-07;Rodríguez;3
2024-10-07;Shanapanel;1
2024-10-07;Motörhead;1
2024-10-07;John C. Cale and Nico Nico;1
2024-10-08;Lou Reed;2
2024-10-08;Jefferson Airplane;2
2024-10-08;Creedence Clearwater Revival;4
2024-10-08;Dusty Springfield;2
2024-10-08;Canned Heat;1
2024-10-08;The Rolling Stones;1
2024-10-08;John C. Cale and Nico Nico;1
2024-10-08;AC/DC;2
2024-10-08;Jimi Hendrix;1
2024-10-08;The Temptations;1
2024-10-09;The Doors;2
2024-10-09;Bob Dylan;5
2024-10-09;Paolo Nutini;2
2024-10-09;Pentagram;1
2024-10-09;J.J. Cale;1
2024-10-09;Asaf Avidan;1
2024-10-09;Isaac Hayes;1
2024-10-09;Teoman;1
2024-10-09;Vanessa Paradis;1
2024-10-09;Moriarty;1
2024-10-09;Goran Bregović;1
2024-10-09;Joana Machado;1
2024-10-09;The Limiñanas;1
2024-10-09;Stefano Landi;1
2024-10-09;Büyük Ev Ablukada;1
2024-10-09;Halsey;1
2024-10-09;Cage The Elephant;1
2024-10-09;Mott The Hoople;1
2024-10-09;Bratia Stereo;1
2024-10-09;David Bowie;1
2024-10-09;PJ Harvey;1
2024-10-09;Meri Lida;2
2024-10-09;Rolando Alarcon;4
2024-10-09;Stars Of St. Petersburg;3
2024-10-09;Anthony Gressier;1
2024-10-09;Ural Cossacks Choir;1
2024-10-09;Manu Chao;1
2024-10-09;Dr Nele Karajlic;1
2024-10-09;Antonio González;1
2024-10-09;Angelo Petisi;1
2024-10-09;Kanizsa Csillagai;1
2024-10-09;Soledad Bravo;1
2024-10-09;Charles Rocchi;1
2024-10-09;Los Calchakis;1
2024-10-09;The Rolling Stones;1
2024-10-09;Pinhani;3
2024-10-09;Şebnem Ferah;1
2024-10-09;Kalben;1
2024-10-09;Son Feci Bisiklet;1
2024-10-09;Adamlar;1
2024-10-09;M Lisa;1
2024-10-10;Batuhan Kordel;1
2024-10-10;La Femme;16
2024-10-10;Bajofondo;1
2024-10-10;Bobby Womack;1
2024-10-10;PJ Harvey;1
2024-10-10;The Herbaliser;1
2024-10-10;Madonna;1
2024-10-10;Wax Tailor;1
2024-10-10;Thievery Corporation;2
2024-10-10;Handsome Boy Modeling School;1
2024-10-10;Barcelona Gipsy Klezmer Orchestra;1
2024-10-10;Romare;1
2024-10-10;Yom;1
2024-10-10;Alan Tew;1
2024-10-10;Bob Dylan;2
2024-10-11;Bob Dylan;6
2024-10-11;Özdemir Erdoğan;14
2024-10-11;Şebnem Ferah;1
2024-10-11;Pinhani;2
2024-10-11;Füsun Önal;2
2024-10-11;Ayten Alpman;5
2024-10-11;Palmiyeler;1
2024-10-11;Kalben;3
2024-10-11;3 Hürel;1
2024-10-11;Adamlar;3
2024-10-11;Kamuran Akkor;1
2024-10-11;Tanju Okan;1
2024-10-11;Jakuzi;1
2024-10-11;Nur Yoldas;1
2024-10-11;Teoman;3
2024-10-11;Ayla Dikmen;2
2024-10-11;Dario Moreno;1
2024-10-11;Kaan Boşnak;1
2024-10-11;Duman;4
2024-10-11;Hümeyra;1
2024-10-11;Esmeray;1
2024-10-11;Nilüfer;2
2024-10-11;Son Feci Bisiklet;1
2024-10-11;Fikret Kızılok;1
2024-10-11;Asu Maralman;1
2024-10-11;Rodríguez;4
2024-10-11;America;2
2024-10-11;J.J. Cale;2
2024-10-11;Motörhead;2
2024-10-11;Led Zeppelin;3
2024-10-11;Creedence Clearwater Revival;3
2024-10-11;Jefferson Airplane;2
2024-10-11;Ry Cooder;2
2024-10-11;Dusty Springfield;2
2024-10-11;Jimi Hendrix;3
2024-10-11;Marvin Gaye;2
2024-10-11;Lou Reed;2
2024-10-11;John C. Cale and Nico Nico;2
2024-10-11;AC/DC;2
2024-10-11;Canned Heat;2
2024-10-11;The Temptations;2
2024-10-11;GFB;1
2024-10-11;Shanapanel;2
2024-10-11;Selçuk Abay;1
2024-10-11;Moğollar;1
2024-10-11;Barış Manço;2
2024-10-11;Fenerbahçe Taraftar Korosu;4
2024-10-11;Fenerin Çocukları;8
2024-10-11;Sertab Erener;1
2024-10-11;Mehter;2
2024-10-11;Grup Vitamin;1
2024-10-11;Cem Karaca;4
2024-10-11;Edip Akbayram;2
2024-10-11;Altay;1
2024-10-11;Galatasaray Korosu;3
2024-10-11;Erkin Koray;3
2024-10-11;Hasan Bitmez Project;1
2024-10-11;Genç Fenerbahçeliler;2
2024-10-11;Tarık İster;2
2024-10-11;Grup Yorum;1
2024-10-11;Fenerbahçe FanChants;1
2024-10-11;Tribün Besteleri;4
2024-10-11;Fb Camiasi;1
2024-10-11;Galatasaray Tribün Korosu;1
2024-10-11;Feridun Düzağaç;1
2024-10-11;Türk Gençliği Korosu;1
2024-10-11;The Doors;2
2024-10-11;The Rolling Stones;1
2024-10-11;Marion Black;1
2024-10-11;The Box Tops;1
2024-10-12;J.J. Cale;2
2024-10-12;Ten Years After;1
2024-10-12;Dusty Springfield;1
2024-10-12;Rodríguez;1
2024-10-12;Canned Heat;1
2024-10-12;Booker T. & the M.G.'s;1
2024-10-12;Büyük Ev Ablukada;15
2024-10-12;Palmiyeler;3
2024-10-12;Sakin;4
2024-10-12;Siyasiyabend;4
2024-10-12;Yüzyüzeyken Konuşuruz;1
2024-10-12;Yavuz Çetin;4
2024-10-12;Jakuzi;1
2024-10-12;Kesmeşeker;1
2024-10-12;uclercagri;1
2024-10-12;Kaan Tangöze;1
2024-10-12;Bulutsuzluk Özlemi;1
2024-10-12;Daprinski;1
2024-10-12;Bajofondo;1
2024-10-12;Souleance;1
2024-10-12;Orient Expressions;1
2024-10-12;Thievery Corporation;2
2024-10-12;Waldeck;1
2024-10-12;The Herbaliser;1
2024-10-12;Troublemakers;1
2024-10-12;Guts;1
2024-10-12;Mo' Horizons;1
2024-10-12;Bobby Womack;1
2024-10-12;America;1
2024-10-12;Duman;16
2024-10-12;Kalben;1
2024-10-12;Dolu Kadehi Ters Tut;2
2024-10-12;M Lisa;1
2024-10-13;Dolu Kadehi Ters Tut;1
2024-10-13;Büyük Ev Ablukada;10
2024-10-13;The Smiths;9
2024-10-13;Asu Maralman;1
2024-10-13;Füsun Önal;3
2024-10-13;Marc Aryan;1
2024-10-13;Hümeyra;1
2024-10-13;Nur Yoldas;1
2024-10-13;Ayla Dikmen;1
2024-10-13;Joan Chamorro;1
2024-10-13;Gotan Project;1
2024-10-13;The Herbaliser;1
2024-10-13;Mo' Horizons;2
2024-10-13;Anouar Brahem;1
2024-10-13;Thievery Corporation;2
2024-10-13;Handsome Boy Modeling School;1
2024-10-13;Alan Tew;1
2024-10-13;The Cure;11
2024-10-13;Pixies;7
2024-10-13;Cocteau Twins;1
2024-10-13;The Cramps;2
2024-10-13;Lebanon Hanover;5
2024-10-13;Ausgang;1
2024-10-13;New Order;3
2024-10-13;Sonic Youth;1
2024-10-13;Your Funeral;1
2024-10-13;The Damned;1
2024-10-13;Twin Tribes;1
2024-10-14;The Cure;9
2024-10-14;Soft Cell;1
2024-10-14;Bronski Beat;1
2024-10-14;The Doors;2
2024-10-14;Chris Isaak;1
2024-10-14;The Smiths;2
2024-10-14;Joy Division;1
2024-10-14;Radiohead;2
2024-10-14;PJ Harvey;1
2024-10-14;Portishead;1
2024-10-14;Strawberry Switchblade;1
2024-10-14;Fleetwood Mac;1
2024-10-14;Thievery Corporation;5
2024-10-14;Madonna;2
2024-10-14;Romare;2
2024-10-14;Morphine;1
2024-10-14;Joan Chamorro;2
2024-10-14;OneRepublic;5
2024-10-14;Daprinski;1
2024-10-14;Souleance;1
2024-10-14;Vincent Peirani;1
2024-10-14;Anouar Brahem;1
2024-10-14;Guts;1
2024-10-14;Mo' Horizons;1
2024-10-14;Joe Pass;1
2024-10-14;Troublemakers;1
2024-10-14;Gotan Project;1
2024-10-14;Galt MacDermot;1
2024-10-14;Bajofondo;1
2024-10-14;The Herbaliser;1
2024-10-14;Yom;1
2024-10-14;Ilhan Ersahin;1
2024-10-14;Handsome Boy Modeling School;1
2024-10-15;Barcelona Gipsy Klezmer Orchestra;1
2024-10-15;J.J. Cale;1
2024-10-15;Yavuz Çetin;3
2024-10-15;Yaşar Kurt;2
2024-10-15;Led Zeppelin;2
2024-10-15;Allie X;2
2024-10-15;Green Day;1
2024-10-15;Michael Levy;2
2024-10-15;The Beatles;1
2024-10-15;Foreigner;1
2024-10-15;Batuhan Mutlugil;2
2024-10-15;Eski Liman;2
2024-10-15;Buffalo Springfield;1
2024-10-15;Stevie Nicks;1
2024-10-15;Mirkelam;1
2024-10-15;Tom Jones;1
2024-10-15;Yaşlı Amca;1
2024-10-15;Skid Row;1
2024-10-15;Lil Mariko;1
2024-10-15;PUSSY PATROL;1
2024-10-15;Bulutsuzluk Özlemi;1
2024-10-15;LSDXOXO;1
2024-10-15;Chris Montez;1
2024-10-15;La Femme;5
2024-10-15;Saint Motel;1
2024-10-15;BENNETT;1
2024-10-15;Zella Day;1
2024-10-15;Paschalis;1
2024-10-15;Inner Circle;1
2024-10-15;Flört;3
2024-10-15;Molchat Doma;1
2024-10-15;Motörhead;1
2024-10-15;Erkin Koray;1
2024-10-15;Janis Joplin;1
2024-10-15;Rainbow;1
2024-10-15;Ten Years After;1
2024-10-15;Journers;1
2024-10-15;Cem Karaca;8
2024-10-15;Sakin;1
2024-10-15;Nur Yoldas;1
2024-10-15;Siyasiyabend;2
2024-10-15;Füsun Önal;4
2024-10-15;MFÖ;3
2024-10-15;3 Hürel;1
2024-10-15;Fikret Kızılok;4
2024-10-15;Asu Maralman;2
2024-10-15;Marc Aryan;1
2024-10-15;Ari Barokas;2
2024-10-15;Grup Yorum;1
2024-10-15;Özdemir Erdoğan;1
2024-10-15;Gündoğarken;1
2024-10-15;Mavi Işıklar;2
2024-10-15;Dario Moreno;1
2024-10-15;Lino Cannavacciuolo;1
2024-10-15;Urge Overkill;1
2024-10-15;Luciano Pavarotti;1
2024-10-15;Radiohead;1
2024-10-15;The Hooters;1
2024-10-15;Jimmy Whoo;1
2024-10-15;Seu Jorge;1
2024-10-15;Büyük Ev Ablukada;1
2024-10-15;Alice Cooper;1
2024-10-15;Jimi Hendrix;1
2024-10-15;Jim Croce;1
2024-10-15;Michelle Gurevich;1
2024-10-15;Kurt Cobain;1
2024-10-15;Kalben;1
2024-10-15;Can Tutuğ;2
2024-10-15;Stefano Del Sole;1
2024-10-15;Ece Göksu;1
2024-10-15;Istanbul Sessions;2
2024-10-15;Wax Poetic;5
2024-10-15;Esin Afşar;1
2024-10-15;Chris Isaak;2
2024-10-15;Goran Bregović;1
2024-10-15;MPL;1
2024-10-15;Yves Simon;1
2024-10-15;The Doors;1
2024-10-15;Palatine;1
2024-10-15;Ylvis;1
2024-10-15;Dhafer Youssef;1
2024-10-15;René Aubry;1
2024-10-15;EABS;1
2024-10-15;Manu Chao;3
2024-10-15;Eyedress;2
2024-10-15;Bronski Beat;1
2024-10-15;Kate Bush;1
2024-10-15;TV Girl;2
2024-10-15;Paolo Conte;1
2024-10-15;Rodrigo Amarante;1
2024-10-15;Metronomy;2
2024-10-15;Billie Eilish;1
2024-10-15;Al Stewart;1
2024-10-15;FILV;1
2024-10-15;Mehmet Güreli;1
2024-10-16;La Femme;13
2024-10-16;Air;1
2024-10-16;Duman;2
2024-10-16;Lou Reed;1
2024-10-16;Ry Cooder;1
2024-10-16;Creedence Clearwater Revival;3
2024-10-16;Marvin Gaye;2
2024-10-16;AC/DC;1
2024-10-16;Canned Heat;1
2024-10-16;Rodríguez;2
2024-10-16;Motörhead;1
2024-10-16;Jefferson Airplane;1
2024-10-16;America;2
2024-10-16;Led Zeppelin;2
2024-10-16;The Rolling Stones;1
2024-10-16;Dusty Springfield;1
2024-10-16;Jimi Hendrix;2
2024-10-16;Carioca;1
2024-10-16;Rudolph Johnson;1
2024-10-16;El Michels Affair;1
2024-10-16;Anitek;1
2024-10-16;Lafayette Afro Rock Band;1
2024-10-16;RK Nagati;1
2024-10-16;Ersen ve Dadaşlar;1
2024-10-16;Chene Noir;1
2024-10-16;Alain Goraguer;3
2024-10-16;Tim Maia;1
2024-10-16;Bembeya Jazz National;1
2024-10-16;questionmark;1
2024-10-16;Blackblood;1
2024-10-16;Alice Clark;1
2024-10-16;Ikebe Shakedown;1
2024-10-16;Lou Rawls;1
2024-10-16;Danny Rivera;1
2024-10-16;Hardal;1
2024-10-16;Samuel Belay;1
2024-10-16;The Scorpions;1
2024-10-16;Wendell Harrison;1
2024-10-16;Hariçten Gazelciler;1
2024-10-16;The Dramatics;1
2024-10-16;Sound of Fractures;1
2024-10-16;Roy Ayers;1
2024-10-16;Pierre Cavalli;1
2024-10-16;Syl Johnson;1
2024-10-16;I Marc 4;2
2024-10-16;Menahan Street Band;1
2024-10-16;George Semper;1
2024-10-16;Mulatu Astatke;2
2024-10-16;CV Vision;1
2024-10-16;Gene Sikora;1
2024-10-16;Piero Umiliani;1
2024-10-16;Ahmed Malek;1
2024-10-17;Menahan Street Band;2
2024-10-17;Rodríguez;1
2024-10-17;Dire Straits;1
2024-10-17;Nino Ferrer;1
2024-10-17;Billie Kark;2
2024-10-17;Siyasiyabend;1
2024-10-17;Yavuz Çetin;4
2024-10-17;Pink Floyd;1
2024-10-17;Malik Djoudi;1
2024-10-17;Morcheeba;2
2024-10-17;The Smiths;10
2024-10-17;Waldeck;1
2024-10-17;Cortex;1
2024-10-17;Björk;1
2024-10-17;The Doors;2
2024-10-17;Flört;2
2024-10-17;Ruth;1
2024-10-17;Air;1
2024-10-17;Ilhan Ersahin;1
2024-10-17;TM Juke;1
2024-10-17;Jon Kennedy;1
2024-10-17;Thievery Corporation;2
2024-10-17;Alice Russell;1
2024-10-17;Joan Chamorro;1
2024-10-17;La Femme;1
2024-10-17;Son Feci Bisiklet;2
2024-10-17;Radiohead;2
2024-10-17;Jay-Jay Johanson;1
2024-10-17;The Dø;1
2024-10-17;Hardal;1
2024-10-17;I Monster;2
2024-10-17;Michelle Gurevich;1
2024-10-17;Jacqueline Taieb;1
2024-10-17;PJ Harvey;2
2024-10-17;Leonard Cohen;1
2024-10-17;Palmiyeler;1
2024-10-17;MFÖ;1
2024-10-17;Patrick Watson;1
2024-10-17;Juniore;1
2024-10-17;Jeff Buckley;1
2024-10-18;Radiohead;10
2024-10-18;Şebnem Ferah;1
2024-10-18;Teoman;1
2024-10-18;Duman;1
2024-10-18;Kate Bush;1
2024-10-18;Elton John;4
2024-10-18;Richy Mitch & The Coal Miners;1
2024-10-18;Pinhani;1
2024-10-18;salvia palth;1
2024-10-18;Alexandra Savior;1
2024-10-18;System Of A Down;1
2024-10-18;Sinéad O'Connor;2
2024-10-18;TV Girl;2
2024-10-18;Cults;1
2024-10-18;Bernadette Carroll;1
2024-10-18;Amy Winehouse;1
2024-10-18;Pink Floyd;1
2024-10-18;The Beatles;1
2024-10-18;Black Sabbath;1
2024-10-18;KXLLSWXTCH;1
2024-10-18;Deep Purple;1
2024-10-18;Barcelona Gipsy Klezmer Orchestra;1
2024-10-18;Matt Maltese;1
2024-10-18;Ricky Nelson;1
2024-10-18;The Sh-Booms;2
2024-10-18;Jim Croce;2
2024-10-18;J.J. Cale;1
2024-10-18;Guts;1
2024-10-18;Ahmet Kaya;3
2024-10-18;Lou Reed;1
2024-10-18;Grup Yorum;1
2024-10-18;Creedence Clearwater Revival;1
2024-10-18;Dire Straits;1
2024-10-18;The Taxpayers;1
2024-10-18;Scorpions;1
2024-10-18;Cutting Crew;1
2024-10-18;Mild High Club;1
2024-10-18;Leonard Cohen;1
2024-10-18;I Monster;1
2024-10-18;Sade;1
2024-10-18;Mitski;1
2024-10-18;Pat Benatar;1
2024-10-18;Feyyaz Yigit;3
2024-10-18;Hande Yener;4
2024-10-18;Yaşar;1
2024-10-18;Hakan Peker;2
2024-10-18;KT Tunstall;1
2024-10-18;LARA;1
2024-10-18;Flört;2
2024-10-18;Blondie;1
2024-10-18;Chene Noir;1
2024-10-18;maNga;1
2024-10-18;Rudolph Johnson;1
2024-10-18;El Michels Affair;1
2024-10-18;Fenerbahçe Taraftar Korosu;2
2024-10-18;Fenerin Çocukları;1
2024-10-18;Shanapanel;1
2024-10-18;Türk Kara Kuvvetleri Komutanlığı Bando ve Armoni Mızıkası;1
2024-10-18;Barış Manço;1
2024-10-18;Cici Kızlar;1
2024-10-18;Bob Dylan;1
2024-10-18;The Ronettes;1
2024-10-18;Chris Isaak;1
2024-10-19;Air;6
2024-10-19;Frank Sinatra;1
2024-10-19;Boards of Canada;1
2024-10-19;Blonde Redhead;2
2024-10-19;Aphex Twin;1
2024-10-19;Wax Tailor;3
2024-10-19;The Herbaliser;1
2024-10-19;Devendra Banhart;1
2024-10-19;Amon Tobin;1
2024-10-19;PJ Harvey;4
2024-10-19;Charlotte Gainsbourg;1
2024-10-19;Morcheeba;2
2024-10-19;Handsome Boy Modeling School;1
2024-10-19;Beach House;1
2024-10-19;Julee Cruise;1
2024-10-19;Kid Loco;1
2024-10-19;Lou Reed;1
2024-10-19;Jon Kennedy;1
2024-10-19;Thievery Corporation;1
2024-10-19;The Dining Rooms;1
2024-10-19;Mazzy Star;1
2024-10-19;Massive Attack;1
2024-10-19;Metronomy;1
2024-10-19;Nilüfer Yanya;1
2024-10-19;J.J. Cale;3
2024-10-19;Björk;1
2024-10-19;Pink Floyd;3
2024-10-19;The Doors;4
2024-10-19;La Femme;2
2024-10-19;UFO;2
2024-10-19;The Cure;6
2024-10-19;Chris Isaak;1
2024-10-19;Vendredi sur Mer;1
2024-10-19;America;3
2024-10-19;Pixies;2
2024-10-19;Michelle Gurevich;6
2024-10-19;Palmiyeler;1
2024-10-19;Teoman;3
2024-10-19;Son Feci Bisiklet;1
2024-10-19;Cage The Elephant;1
2024-10-19;The Saxophones;1
2024-10-19;Jimi Hendrix;1
2024-10-19;Alain Goraguer;1
2024-10-19;Tinariwen;1
2024-10-19;The Rolling Stones;3
2024-10-19;Juniore;1
2024-10-19;Budgie;1
2024-10-19;Cortex;1
2024-10-19;Özdemir Erdoğan;1
2024-10-19;Steiner & Madlaina;1
2024-10-19;Turkish Delight;1
2024-10-19;David Bowie;1
2024-10-19;Nuri Harun Ateş;1
2024-10-19;Leonard Cohen;3
2024-10-19;The Dø;2
2024-10-19;Yusef Lateef;1
2024-10-19;Jay-Jay Johanson;2
2024-10-19;Kid Francescoli;1
2024-10-19;Quantic;1
2024-10-19;Alice Cooper;1
2024-10-19;Blue Öyster Cult;1
2024-10-19;Arthur H;1
2024-10-19;Ti.po.ta;1
2024-10-19;Electric Light Orchestra;1
2024-10-19;Stanisław Słowiński;2
2024-10-19;B.B. King;1
2024-10-19;Nancy Sinatra;1
2024-10-19;Supertramp;1
2024-10-19;Titanic;1
2024-10-20;Barcelona Gipsy Klezmer Orchestra;3
2024-10-20;Thievery Corporation;1
2024-10-20;Kate Bush;2
2024-10-20;bôa;2
2024-10-20;Matt Maltese;1
2024-10-20;Eyedress;1
2024-10-20;salvia palth;2
2024-10-20;Margo Guryan;1
2024-10-20;Strawberry Guy;3
2024-10-20;sign crushes motorist;2
2024-10-20;UFO;1
2024-10-20;berlioz;1
2024-10-20;Billy Idol;1
2024-10-20;Büyük Ev Ablukada;6
2024-10-20;Dire Straits;1
2024-10-20;Radiohead;15
2024-10-20;Asu Maralman;1
2024-10-20;Jimi Hendrix;2
2024-10-20;Son Feci Bisiklet;2
2024-10-20;Min Taka;1
2024-10-20;Lou Reed;1
2024-10-20;Michelle Gurevich;3
2024-10-20;Jefferson Airplane;1
2024-10-20;New Order;1
2024-10-20;Yom;2
2024-10-20;The Dø;2
2024-10-20;Fleetwood Mac;1
2024-10-20;Adamlar;1
2024-10-20;Dury Dava;1
2024-10-20;Goran Bregović;3
2024-10-20;Led Zeppelin;1
2024-10-20;The Rolling Stones;1
2024-10-20;L'Impératrice;1
2024-10-20;Xatzifrageta;1
2024-10-20;The Doors;1
2024-10-20;Country Joe & The Fish;2
2024-10-20;The Smiths;7
2024-10-20;Greta Van Fleet;2
2024-10-20;Najoua Belyzel;1
2024-10-20;Sweet;1
2024-10-20;Patrick Fiori;1
2024-10-20;Janko Nilovic;1
2024-10-20;Gogol Bordello;1
2024-10-20;Emerson, Lake & Palmer;1
2024-10-20;Ruth;1
2024-10-20;Daft Punk;1
2024-10-20;Canozan;1
2024-10-20;çatıkatı;1
2024-10-20;Teoman;2
2024-10-20;The Cure;1
2024-10-20;Chris Isaak;1
2024-10-20;Icona Pop;1
2024-10-20;Donna Summer;1
2024-10-20;Andrew Gold;1
2024-10-20;Dionysis Savvopoulos;1
2024-10-20;I Monster;1
2024-10-20;Morcheeba;1
2024-10-20;Monsieur Minimal;1
2024-10-20;Hindi Zahra;1
2024-10-20;Siyasiyabend;1
2024-10-20;Steve Vai;1
2024-10-20;Alice Cooper;3
2024-10-20;Julee Cruise;2
2024-10-20;Red Hot Chili Peppers;1
2024-10-20;La Femme;1
2024-10-20;Streetwise Rhapsody;2
2024-10-20;Drofkai;1
2024-10-20;TV Girl;5
2024-10-20;System Of A Down;1
2024-10-20;Kurt Cobain;1
2024-10-20;Fugazi;1
2024-10-20;The Velvet Underground;3
2024-10-20;Surf Curse;1
2024-10-20;Pink Floyd;1
2024-10-20;Mac DeMarco;2
2024-10-20;Joy Division;1
2024-10-20;Jordana;2
2024-10-20;Le Tigre;1
2024-10-20;Blue Smiley;1
2024-10-20;The Strokes;1
2024-10-20;David Bowie;1
2024-10-20;Beach House;1
2024-10-20;Portishead;1
2024-10-20;Vundabar;1
2024-10-20;Pixies;1
2024-10-20;Tame Impala;1
2024-10-20;Edward Sharpe & The Magnetic Zeros;1
2024-10-21;Edward Sharpe & The Magnetic Zeros;2
2024-10-21;Dolly Parton;2
2024-10-21;Vance Joy;1
2024-10-21;Red Hot Chili Peppers;1
2024-10-21;Richy Mitch & The Coal Miners;3
2024-10-21;Radical Face;2
2024-10-21;Amy Winehouse;1
2024-10-21;Cage The Elephant;3
2024-10-21;Foster The People;2
2024-10-21;Father John Misty;1
2024-10-21;Marvin Gaye;1
2024-10-21;Djo;1
2024-10-21;alt-J;2
2024-10-21;Metronomy;1
2024-10-21;MIKA;1
2024-10-21;Jung Kook;1
2024-10-21;The Mamas & The Papas;1
2024-10-21;The Cure;1
2024-10-21;Fleet Foxes;1
2024-10-21;Gregory Alan Isakov;1
2024-10-21;The xx;1
2024-10-21;Arctic Monkeys;1
2024-10-21;Ben E. King;1
2024-10-21;The Strokes;1
2024-10-21;Mark Ronson;1
2024-10-21;Tame Impala;1
2024-10-21;Kate Bush;1
2024-10-21;Büyük Ev Ablukada;6
2024-10-21;Empire Of The Sun;1
2024-10-21;Chance Peña;1
2024-10-21;Blonde Redhead;1
2024-10-21;Sinéad O'Connor;1
2024-10-21;John Williams;1
2024-10-21;Alan Tew;2
2024-10-21;Karsu;1
2024-10-21;Icona Pop;1
2024-10-21;Kadebostany;1
2024-10-21;Niño De Murcia;1
2024-10-21;Donovan;2
2024-10-21;TV Girl;1
2024-10-21;Asu Maralman;1
2024-10-21;Air;3
2024-10-21;Rory Gallagher;1
2024-10-21;The Rolling Stones;1
2024-10-21;Eyedress;1
2024-10-21;Pink Floyd;2
2024-10-21;Vendredi sur Mer;2
2024-10-21;Film Noir;1
2024-10-21;Echo & the Bunnymen;1
2024-10-21;Baba Zula;3
2024-10-21;Michelle Gurevich;1
2024-10-21;The B-52's;1
2024-10-21;Pink Martini;1
2024-10-21;Erkin Koray;1
2024-10-21;Monophonics;1
2024-10-21;The Dø;2
2024-10-21;Apocalyptica;1
2024-10-21;Alice Cooper;1
2024-10-21;Ratboys;1
2024-10-21;MEG MYERS;1
2024-10-21;Goran Bregović;1
2024-10-21;Jimi Hendrix;2
2024-10-21;Snowy White;1
2024-10-21;The Who;1
2024-10-21;The Gentle Waves;1
2024-10-21;Duman;1
2024-10-21;Oasis;1
2024-10-21;Only Fire;1
2024-10-21;Janko Nilovic;1
2024-10-21;Whatever, Dad;1
2024-10-21;Flört;1
2024-10-21;La Femme;1
2024-10-21;The Beatles;1
2024-10-21;Pierre Cavalli;1
2024-10-21;Mehmet Alp;1
2024-10-21;Modest Mouse;1
2024-10-21;Hardal;1
2024-10-21;Buzzcocks;1
2024-10-21;Portishead;1
2024-10-21;Julee Cruise;1
2024-10-21;Black Sabbath;1
2024-10-21;Saint Motel;1
2024-10-21;Johann Sebastian Bach;1
2024-10-21;AaRON;1
2024-10-21;Les Yeux Noirs;1
2024-10-21;PJ Harvey;1
2024-10-21;Eleni Karaindrou;1
2024-10-21;Teoman;2
2024-10-21;Batuhan Mutlugil;1
2024-10-21;Camille Jansen;1
2024-10-21;Caleb Arredondo;1
2024-10-21;Motorama;1
2024-10-21;Delphine Dupont;1
2024-10-21;Led Zeppelin;1
2024-10-21;Zaz;1
2024-10-21;Radiohead;1
2024-10-21;Moby;1
2024-10-21;MPL;1
2024-10-21;Michael Levy;1
2024-10-21;PUSSY PATROL;1
2024-10-21;Édith Piaf;1
2024-10-21;Ilhan Ersahin;1
2024-10-21;Jimmy Whoo;1
2024-10-21;Frédéric Chopin;1
2024-10-21;System Of A Down;1
2024-10-21;Patrick Watson;1
2024-10-21;Lady Gaga;1
2024-10-21;Shantel;1
2024-10-21;Pilot Speed;1
2024-10-21;Nehir Sücüllü;1
2024-10-21;Fleetwood Mac;1
2024-10-21;Juniore;1
2024-10-21;Luciano Pavarotti;1
2024-10-22;Duman;2
2024-10-22;Sinéad O'Connor;1
2024-10-22;Nouvelle Vague;1
2024-10-22;Ten Years After;1
2024-10-22;The Cure;1
2024-10-22;The Rolling Stones;1
2024-10-22;Björk;1
2024-10-22;The Dolly Rocker Movement;2
2024-10-22;Tim Curry;3
2024-10-22;Charles Gray;1
2024-10-22;Richard O'Brien;2
2024-10-22;Cast;1
2024-10-22;The Clovers;1
2024-10-22;October Country;1
2024-10-22;Donovan;1
2024-10-22;Kardes Türküler;1
2024-10-22;Led Zeppelin;1
2024-10-22;Philippe Sarde;1
2024-10-22;Edward Sharpe & The Magnetic Zeros;2
2024-10-22;Lana Del Rey;1
2024-10-22;Teoman;1
2024-10-22;Eleni Karaindrou;1
2024-10-22;Kid Francescoli;1
2024-10-22;Klaus Nomi;1
2024-10-22;Yiannis Kotsiras;1
2024-10-22;Screaming Females;1
2024-10-22;Metallica;2
2024-10-22;La Femme;4
2024-10-22;Black Sabbath;1
2024-10-22;TV Girl;1
2024-10-22;Lou Donaldson;1
2024-10-22;Donna Blue;1
2024-10-22;Emir Can İğrek;1
2024-10-22;Gaëtan Roussel;1
2024-10-22;James Brown;1
2024-10-22;Amy Macdonald;1
2024-10-22;Alice Cooper;1
2024-10-22;Yorina;1
2024-10-22;Elita;1
2024-10-22;Rolando Alarcon;1
2024-10-22;Vincent Peirani;1
2024-10-22;The Be Good Tanyas;1
2024-10-22;Dire Straits;1
2024-10-22;Bobby Womack;1
2024-10-22;Morcheeba;1
2024-10-22;Gorillaz;1
2024-10-22;Ceramic Animal;1
2024-10-22;Stefano Landi;1
2024-10-22;Rogér Fakhr;1
2024-10-22;ALIZADE;1
2024-10-22;Vanessa Paradis;1
2024-10-22;Sedef Sebüktekin;1
2024-10-22;Pino D'Angiò;1
2024-10-22;Steely Dan;1
2024-10-22;System Of A Down;1
2024-10-22;Blonde Redhead;1
2024-10-22;Hooverphonic;1
2024-10-22;Lucas Imbiriba;2
2024-10-22;MEG MYERS;1
2024-10-22;Pomme;1
2024-10-22;AnnenMayKantereit;1
2024-10-22;Stelios Kazantzidis;1
2024-10-22;mor ve ötesi;1
2024-10-22;Syd Barrett;1
2024-10-22;Jefferson Airplane;1
2024-10-22;Feridun Düzağaç;1
2024-10-22;Greta Van Fleet;1
2024-10-22;PJ Harvey;1
2024-10-22;Heart;1
2024-10-22;Gaye Su Akyol;1
2024-10-22;The Beatles;1
2024-10-22;Alain Goraguer;4
2024-10-22;The Dramatics;1
2024-10-22;Ersen ve Dadaşlar;1
2024-10-22;The Scorpions;1
2024-10-22;Ikebe Shakedown;1
2024-10-22;Dorothy Ashby;1
2024-10-22;Rudolph Johnson;1
2024-10-22;Lafayette Afro Rock Band;1
2024-10-22;Alan Tew;1
2024-10-22;Alice Clark;1
2024-10-22;Ahmed Malek;1
2024-10-22;Wendell Harrison;1
2024-10-22;Hardal;1
2024-10-22;I Marc 4;1
2024-10-22;Fleetwood Mac;1
2024-10-22;Anitek;1
2024-10-22;Büyük Ev Ablukada;6
2024-10-23;Büyük Ev Ablukada;2
2024-10-23;Blonde Redhead;2
2024-10-23;Moby;1
2024-10-23;Barış Akarsu;1
2024-10-23;The Dø;1
2024-10-23;Carly Gibert;1
2024-10-23;Jan;1
2024-10-23;John Mayall;1
2024-10-23;Led Zeppelin;1
2024-10-23;Johann Sebastian Bach;1
2024-10-23;Royal Philharmonic Orchestra;1
2024-10-23;The Hit Crew;1
2024-10-23;Füsun Önal;2
2024-10-23;Yavuz Çetin;2
2024-10-23;Michelle Gurevich;1
2024-10-23;Edward Sharpe & The Magnetic Zeros;1
2024-10-23;Sinéad O'Connor;1
2024-10-23;J.J. Cale;1
2024-10-23;George Mgrdichian;2
2024-10-23;Siyasiyabend;2
2024-10-23;Istanbul Sessions;4
2024-10-23;Wax Poetic;4
2024-10-23;La Femme;2
2024-10-23;Chris Isaak;2
2024-10-23;Goran Bregović;1
2024-10-23;MPL;1
2024-10-23;The Doors;1
2024-10-23;Yves Simon;1
2024-10-23;Palatine;1
2024-10-23;Ylvis;1
2024-10-23;Dhafer Youssef;1
2024-10-23;René Aubry;1
2024-10-23;EABS;2
2024-10-23;Joy Division;1
2024-10-23;Bertrand Belin;1
2024-10-23;Budgie;1
2024-10-23;Ruth;2
2024-10-23;Laufey;1
2024-10-23;Chapelier Fou;1
2024-10-23;Steiner & Madlaina;1
2024-10-23;Fırat Ağacık;1
2024-10-23;Malik Djoudi;1
2024-10-23;Rolando Alarcon;1
2024-10-23;The Saxophones;1
2024-10-23;Handsome Boy Modeling School;2
2024-10-23;Vincent Peirani;1
2024-10-23;Guts;1
2024-10-23;Gotan Project;1
2024-10-23;Yom;1
2024-10-23;Flört;1
2024-10-23;Thievery Corporation;3
2024-10-23;Joan Chamorro;1
2024-10-23;Teoman;4
2024-10-23;Pinhani;1
2024-10-23;Kaan Tangöze;1
2024-10-23;Kaan Boşnak;1
2024-10-24;Can Kazaz;1
2024-10-24;Yüzyüzeyken Konuşuruz;2
2024-10-24;Teoman;2
2024-10-24;Son Feci Bisiklet;1
2024-10-24;MFÖ;1
2024-10-24;Ari Barokas;1
2024-10-24;Büyük Ev Ablukada;13
2024-10-24;Daft Punk;17
2024-10-24;Siyasiyabend;7
2024-10-24;TurkodiRoma;2
2024-10-24;Sakin;7
2024-10-24;Yavuz Çetin;2
2024-10-24;Peyk;5
2024-10-24;Adamlar;1
2024-10-24;Palmiyeler;4
2024-10-24;Kaan Tangöze;1
2024-10-24;uclercagri;1
2024-10-24;Flört;2
2024-10-24;Lin Pesto;3
2024-10-24;Metronomy;2
2024-10-24;Brek;1
2024-10-25;Büyük Ev Ablukada;12
2024-10-25;Kate Bush;2
2024-10-25;La Femme;17
2024-10-25;John Lennon;1
2024-10-25;Duman;1
2024-10-25;Mehmet Güreli;1
2024-10-25;Seksendört;1
2024-10-25;America;1
2024-10-25;Ry Cooder;1
2024-10-25;AC/DC;1
2024-10-25;John C. Cale and Nico Nico;1
2024-10-25;The Doors;1
2024-10-25;Creedence Clearwater Revival;1
2024-10-25;Jimi Hendrix;2
2024-10-25;Lou Reed;1
2024-10-25;Sinéad O'Connor;1
2024-10-25;J.J. Cale;1
2024-10-25;George Mgrdichian;2
2024-10-25;Yavuz Çetin;2
2024-10-25;Siyasiyabend;4
2024-10-25;Country Joe McDonald;1
2024-10-25;Rolando Alarcon;1
2024-10-25;Manu Chao;1
2024-10-25;Istanbul Sessions;2
2024-10-25;Wax Poetic;3
2024-10-25;Metronomy;1
2024-10-25;The Living Tombstone;1
2024-10-25;The Drums;1
2024-10-25;BTS;1
2024-10-25;Moriarty;1
2024-10-25;Feyyaz Yigit;1
2024-10-25;Juniore;2
2024-10-25;Johann Sebastian Bach;2
2024-10-25;Ignaz Friedman;1
2024-10-25;Chiyan Wong;1
2024-10-25;Janos Sebestyen;1
2024-10-25;Pyotr Ilyich Tchaikovsky;1
2024-10-25;Air;2
2024-10-25;Cage The Elephant;1
2024-10-25;Quantic;1
2024-10-25;Jimmy Whoo;1
2024-10-25;Bob Dylan;3
2024-10-25;Teoman;3
2024-10-25;Massive Attack;1
2024-10-25;Açık Seçik Aşk Bandosu;4
2024-10-25;Sakin;1
2024-10-25;Kaan Tangöze;1
2024-10-25;Hümeyra;1
2024-10-25;Gülce Duru;1
2024-10-25;Adamlar;3
2024-10-25;Flört;1
2024-10-25;Yüzyüzeyken Konuşuruz;1
2024-10-25;TurkodiRoma;1
2024-10-25;Brek;1
2024-10-25;Yasemin Mori;1
2024-10-25;Ari Barokas;1
2024-10-25;Leonard Cohen;1
2024-10-25;The Smiths;1
2024-10-26;The Cure;2
2024-10-26;David Bowie;2
2024-10-26;Jefferson Airplane;1
2024-10-26;PJ Harvey;2
2024-10-26;Teoman;3
2024-10-26;The Beatles;2
2024-10-26;The Doors;3
2024-10-26;Pink Floyd;2
2024-10-26;J.J. Cale;1
2024-10-26;Son Feci Bisiklet;1
2024-10-26;Bob Dylan;1
2024-10-26;Massive Attack;1
2024-10-26;Michelle Gurevich;3
2024-10-26;The Rolling Stones;2
2024-10-26;I Monster;2
2024-10-26;Tame Impala;1
2024-10-26;Film Noir;1
2024-10-26;Led Zeppelin;2
2024-10-26;Fleetwood Mac;2
2024-10-26;Peyk;1
2024-10-26;Duman;1
2024-10-26;Sinéad O'Connor;1
2024-10-26;Wax Tailor;1
2024-10-26;Dire Straits;1
2024-10-26;Sexy Sushi;1
2024-10-26;Portishead;1
2024-10-26;The Mamas & The Papas;1
2024-10-26;Pixies;1
2024-10-26;Sakin;1
2024-10-26;Goran Bregović;1
2024-10-26;Radiohead;1
2024-10-26;Elton John;1
2024-10-26;Creedence Clearwater Revival;1
2024-10-27;Şebnem Ferah;2
2024-10-27;Juniore;3
2024-10-27;Bob Dylan;1
2024-10-27;Vendredi sur Mer;1
2024-10-27;Janis Joplin;1
2024-10-27;Led Zeppelin;4
2024-10-27;Kalben;3
2024-10-27;The Velvet Underground;1
2024-10-27;Michelle Gurevich;2
2024-10-27;Pink Floyd;8
2024-10-27;Peyk;1
2024-10-27;Jefferson Airplane;1
2024-10-27;Radiohead;2
2024-10-27;David Bowie;2
2024-10-27;Yasemin Mori;2
2024-10-27;Cage The Elephant;2
2024-10-27;Chris Isaak;1
2024-10-27;Alice Cooper;2
2024-10-27;The Doors;2
2024-10-27;Chinese Man;1
2024-10-27;Goran Bregović;6
2024-10-27;Wax Poetic;1
2024-10-27;Kate Bush;2
2024-10-27;Rodríguez;1
2024-10-27;Benjamin Clementine;1
2024-10-27;Thievery Corporation;3
2024-10-27;The Herbaliser;1
2024-10-27;Handsome Boy Modeling School;1
2024-10-27;Mo' Horizons;1
2024-10-27;Gotan Project;3
2024-10-27;Waldeck;1
2024-10-27;Alice Russell;1
2024-10-27;Souleance;1
2024-10-27;Barcelona Gipsy Klezmer Orchestra;2
2024-10-27;Morphine;1
2024-10-27;Bajofondo;1
2024-10-27;Orient Expressions;2
2024-10-27;Ilhan Ersahin;1
2024-10-27;Guts;1
2024-10-27;Joan Chamorro;1
2024-10-27;Büyük Ev Ablukada;2
2024-10-27;Blonde Redhead;2
2024-10-27;Son Feci Bisiklet;2
2024-10-27;L'Impératrice;2
2024-10-27;Duman;2
2024-10-27;The Dø;1
2024-10-27;The Smiths;1
2024-10-27;Ari Barokas;1
2024-10-27;Metronomy;1
2024-10-27;AC/DC;1
2024-10-27;Lady Gaga;2
2024-10-27;Pixies;1
2024-10-27;The Beatles;4
2024-10-27;Yavuz Çetin;1
2024-10-27;La Femme;2
2024-10-27;Madonna;1
2024-10-27;PJ Harvey;2
2024-10-27;Dario Moreno;1
2024-10-27;Supertramp;1
2024-10-27;Jacques Brel;1
2024-10-27;The Rolling Stones;1
2024-10-27;Melanie De Biasio;1
2024-10-27;Goldfrapp;1
2024-10-27;Hooverphonic;1
2024-10-27;Kaan Tangöze;1
2024-10-27;Tally Hall;1
2024-10-27;Aphex Twin;1
2024-10-27;Wilco;1
2024-10-27;Sting;1
2024-10-27;Brek;1
2024-10-28;RK Nagati;2
2024-10-28;Hardal;2
2024-10-28;Tim Maia;2
2024-10-28;Samuel Belay;2
2024-10-28;Rudolph Johnson;2
2024-10-28;Ikebe Shakedown;1
2024-10-28;Wendell Harrison;2
2024-10-28;Alain Goraguer;2
2024-10-28;Lafayette Afro Rock Band;2
2024-10-28;Carioca;2
2024-10-28;Bembeya Jazz National;2
2024-10-28;questionmark;1
2024-10-28;Roy Ayers;2
2024-10-28;El Michels Affair;2
2024-10-28;Hariçten Gazelciler;1
2024-10-28;Chene Noir;2
2024-10-28;Danny Rivera;1
2024-10-28;Blackblood;2
2024-10-28;The Dramatics;2
2024-10-28;Sound of Fractures;1
2024-10-28;Anitek;2
2024-10-28;Alice Clark;2
2024-10-28;The Scorpions;2
2024-10-28;Ersen ve Dadaşlar;1
2024-10-28;Lou Rawls;1
2024-10-28;Rodríguez;2
2024-10-28;America;1
2024-10-28;Led Zeppelin;1
2024-10-28;Jimi Hendrix;1
2024-10-28;Marvin Gaye;1
2024-10-28;Lou Reed;1
2024-10-28;Creedence Clearwater Revival;1
2024-10-28;The Rolling Stones;1
2024-10-28;Dusty Springfield;1
2024-10-28;Ry Cooder;1
2024-10-28;AC/DC;1
2024-10-28;The Smiths;4
2024-10-29;The Smiths;2
2024-10-29;Ena Tsigaro Sta Mpam;2
2024-10-29;Matina Sous Peau;1
2024-10-29;Xatzifrageta;2
2024-10-29;Melentini;2
2024-10-29;capétte;1
2024-10-29;Fivos Delivorias;1
2024-10-29;Bengoa;1
2024-10-29;Ixodotis;1
2024-10-29;Alkyone;1
2024-10-29;K. BHTA;1
2024-10-29;Pan Pan;1
2024-10-29;Δεσποινίς Τρίχρωμη;1
2024-10-29;berlioz;5
2024-10-29;Istanbul Sessions;2
2024-10-29;Fleetwood Mac;2
2024-10-29;Ibrahim Maalouf;1
2024-10-29;Stevie Nicks;1
2024-10-29;Donna Summer;1
2024-10-29;Boney M.;1
2024-10-29;Sweet;1
2024-10-29;Supertramp;1
2024-10-29;L'Impératrice;4
2024-10-29;Metallica;1
2024-10-29;Kalben;1
2024-10-29;George Mgrdichian;1
2024-10-29;Yavuz Çetin;1
2024-10-29;Siyasiyabend;1
2024-10-29;Wax Poetic;2
2024-10-29;Bob Dylan;2
2024-10-29;Bauhaus;1
2024-10-29;I Monster;1
2024-10-29;Patrick Watson;1
2024-10-29;Steve Miller Band;1
2024-10-29;The Orion Experience;1
2024-10-29;girl in red;7
2024-10-29;bôa;1
2024-10-29;Matt Maltese;1
2024-10-29;Vansire;1
2024-10-29;Steve Lacy;1
2024-10-29;Jordana;1
2024-10-29;Eyedress;3
2024-10-29;Vundabar;1
2024-10-29;The Drums;1
2024-10-29;TV Girl;1
2024-10-29;Dominic Fike;1
2024-10-29;Cage The Elephant;2
2024-10-29;Mitski;2
2024-10-29;Richy Mitch & The Coal Miners;1
2024-10-29;Mac DeMarco;2
2024-10-29;Laufey;1
2024-10-29;Camille Jansen;1
2024-10-29;Greta Van Fleet;1
2024-10-29;Alexandra Epitheti;7
2024-10-29;Locomondo;1
2024-10-29;The Bad Poetry Social Club;7
2024-10-29;Libys;1
2024-10-29;Vina Sergi;1
2024-10-29;Fâné;1
2024-10-29;Lou Rawls;1
2024-10-29;RK Nagati;1
2024-10-29;Alice Clark;1
2024-10-29;Anitek;1
2024-10-29;questionmark;1
2024-10-29;Danny Rivera;1
2024-10-29;El Michels Affair;1
2024-10-29;Chene Noir;1
2024-10-29;Ersen ve Dadaşlar;1
2024-10-29;The Dramatics;1
2024-10-29;Bembeya Jazz National;1
2024-10-29;Blackblood;1
2024-10-30;The Smiths;8
2024-10-30;bôa;2
2024-10-30;AC/DC;1
2024-10-30;Matt Maltese;1
2024-10-30;Chris Isaak;1
2024-10-30;Eyedress;2
2024-10-30;Kate Bush;1
2024-10-30;Jordana;1
2024-10-30;Kurt Cobain;1
2024-10-30;TV Girl;1
2024-10-30;Vundabar;1
2024-10-30;Steve Lacy;1
2024-10-30;Beach House;1
2024-10-30;Radiohead;1
2024-10-30;Marvin Gaye;1
2024-10-30;Bob Dylan;2
2024-10-30;The Drums;1
2024-10-30;Juniore;2
2024-10-30;Edward Sharpe & The Magnetic Zeros;2
2024-10-30;Büyük Ev Ablukada;4
2024-10-30;Mo' Horizons;2
2024-10-30;The Beatles;11
2024-10-30;Leonard Cohen;6
2024-10-30;Pink Floyd;8
2024-10-30;Alice Cooper;3
2024-10-30;Hardal;2
2024-10-30;Sting;2
2024-10-30;Air;2
2024-10-30;Arc De Soleil;2
2024-10-30;The Dø;2
2024-10-30;Portishead;2
2024-10-30;Thievery Corporation;4
2024-10-30;Waldeck;2
2024-10-30;La Femme;8
2024-10-30;Michelle Gurevich;3
2024-10-30;Cage The Elephant;5
2024-10-30;The Cure;2
2024-10-30;Jay-Jay Johanson;2
2024-10-30;L'Impératrice;2
2024-10-30;Arthur H;1
2024-10-30;Nightmares On Wax;1
2024-10-30;Morcheeba;1
2024-10-30;The Human League;1
2024-10-30;Ersen ve Dadaşlar;1
2024-10-30;Dire Straits;1
2024-10-30;Matina Sous Peau;2
2024-10-30;Nena Venetsanou;1
2024-10-30;MFÖ;2
2024-10-30;Black Sabbath;2
2024-10-30;Boozoo Bajou;4
2024-10-30;anna RF;1
2024-10-30;Françoise Hardy;1
2024-10-30;Motörhead;1
2024-10-30;Light in Babylon;1
2024-10-30;Billie Kark;1
2024-10-30;COUCOU CHLOE;2
2024-10-30;Eurythmics;1
2024-10-30;Foreigner;3
2024-10-30;DLY;1
2024-10-30;The Rolling Stones;1
2024-10-30;Alexandra Epitheti;2
2024-10-30;Ben Webster;1
2024-10-30;Xatzifrageta;1
2024-10-30;Fâné;1
2024-10-30;Flört;1
2024-10-30;Goran Bregović;3
2024-10-30;Pino D'Angiò;2
2024-10-30;MIKA;1
2024-10-30;Elton John;2
2024-10-30;Piero Umiliani;2
2024-10-30;The Doors;3
2024-10-30;Led Zeppelin;3
2024-10-30;Stavroz;1
2024-10-30;Beirut;1
2024-10-30;Bill Withers;1
2024-10-30;Charles Bradley;1
2024-10-30;Arleta;1
2024-10-30;Nancy Sinatra;1
2024-10-30;Kaan Tangöze;2
2024-10-30;Patrick Watson;1
2024-10-30;Still Corners;1
2024-10-30;Martina Topley-Bird;1
2024-10-30;Visage;1
2024-10-30;Orchestral Manoeuvres In The Dark;1
2024-10-30;Erkin Koray;1
2024-10-30;Martha and the Muffins;1
2024-10-30;Survivor;1
2024-10-30;Elvis Presley;2
2024-10-30;Creedence Clearwater Revival;2
2024-10-30;Red Hot Chili Peppers;1
2024-10-30;Supertramp;1
2024-10-30;The Mamas & The Papas;1
2024-10-30;Fools Garden;1
2024-10-30;Guns N' Roses;1
2024-10-30;Metallica;1
2024-10-30;System Of A Down;1
2024-10-31;Metallica;1
2024-10-31;UFO;1
2024-10-31;Büyük Ev Ablukada;14
2024-10-31;Siyasiyabend;2
2024-10-31;Sakin;2
2024-10-31;Palmiyeler;1
2024-10-31;Yavuz Çetin;2
2024-10-31;Kaan Tangöze;1
2024-10-31;Brek;1
2024-10-31;Bob Dylan;1
2024-10-31;Björk;1
2024-10-31;David Bowie;3
2024-10-31;Michelle Gurevich;1
2024-10-31;Δεσποινίς Τρίχρωμη;2
2024-10-31;Dusty Springfield;1
2024-10-31;Rodríguez;1
2024-10-31;Porcupine Tree;1
2024-10-31;DOLORES;1
2024-10-31;Gong;1
2024-10-31;Moriarty;1
2024-10-31;Turkcell;2
2024-10-31;Thoj;1
2024-10-31;SEM;1
2024-10-31;Louane;1
2024-10-31;Vincent Peirani;3
2024-10-31;cassö;1
2024-10-31;Edward Sharpe & The Magnetic Zeros;3
2024-10-31;Matina Sous Peau;1
2024-10-31;Libys;1
2024-10-31;Orchestral Manoeuvres In The Dark;1
2024-10-31;The Doors;1
2024-11-01;BADBADNOTGOOD;1
2024-11-01;Juniore;1
2024-11-01;Bob Dylan;5
2024-11-01;Michelle Gurevich;2
2024-11-01;The Beatles;2
2024-11-01;The Rolling Stones;1
2024-11-01;The Smiths;1
2024-11-01;Flört;1
2024-11-01;The Cure;1
2024-11-01;Kaan Tangöze;2
2024-11-01;The Mamas & The Papas;1
2024-11-01;Led Zeppelin;1
2024-11-01;Bulutsuzluk Özlemi;1
2024-11-01;Pink Floyd;1
2024-11-01;Brek;2
2024-11-01;Siyasiyabend;5
2024-11-01;Lin Pesto;8
2024-11-01;Palmiyeler;15
2024-11-01;Sakin;9
2024-11-01;Zeki Müren;1
2024-11-01;Canozan;1
2024-11-01;Yavuz Çetin;8
2024-11-01;Gülce Duru;1
2024-11-01;Kesmeşeker;1
2024-11-01;Büyük Ev Ablukada;17
2024-11-01;Kerim Çaplı;1
2024-11-01;Henry The Lee;2
2024-11-01;uclercagri;5
2024-11-01;Adamlar;2
2024-11-01;Peyk;1
2024-11-01;Mehmet Alp;1
2024-11-01;TurkodiRoma;1
2024-11-01;Son Feci Bisiklet;1
2024-11-01;Beyaz Hayvanlar;2
2024-11-01;Fırat Ağacık;3
2024-11-01;Jakuzi;5
2024-11-01;Yüzyüzeyken Konuşuruz;3
2024-11-01;Hedonutopia;1
2024-11-01;Ari Barokas;1
2024-11-01;No Land;1
2024-11-01;Edward Sharpe & The Magnetic Zeros;1
2024-11-01;The Doors;1
2024-11-02;Pink Floyd;1
2024-11-02;Sinéad O'Connor;1
2024-11-02;Ilhan Ersahin;2
2024-11-02;Duman;1
2024-11-02;B.B. King;1
2024-11-02;Son Feci Bisiklet;1
2024-11-02;Moriarty;1
2024-11-02;PJ Harvey;1
2024-11-02;BADBADNOTGOOD;1
2024-11-02;Goran Bregović;3
2024-11-02;Led Zeppelin;2
2024-11-02;Michelle Gurevich;1
2024-11-02;The Dø;2
2024-11-02;Zaz;2
2024-11-02;Apocalyptica;1
2024-11-02;Pavlos Sidiropoulos;1
2024-11-02;Monsieur Minimal;1
2024-11-02;Monika;1
2024-11-02;Teoman;2
2024-11-02;Sugarloaf;1
2024-11-02;Isaac Hayes;1
2024-11-02;Prince;1
2024-11-02;Alcazar;1
2024-11-02;Nazar;1
2024-11-02;Jefferson Airplane;1
2024-11-02;Minnie Riperton;1
2024-11-02;Yiannis Kotsiras;1
2024-11-02;Santana;5
2024-11-02;Giannis Parios;1
2024-11-02;Gadjo Dilo;1
2024-11-02;Måneskin;1
2024-11-02;Karsu;1
2024-11-02;Barbara Pravi;1
2024-11-02;Olympians;1
2024-11-02;Paschalis;1
2024-11-02;John Denver;1
2024-11-02;Fivos Delivorias;1
2024-11-02;Morphine;1
2024-11-02;Billie Kark;1
2024-11-02;Redd;1
2024-11-02;BENNETT;1
2024-11-02;Kalben;1
2024-11-02;Visage;1
2024-11-02;The Beatles;6
2024-11-02;Cat Power;1
2024-11-02;EABS;1
2024-11-02;Acid Moon and the Pregnant Sun;2
2024-11-02;Dafuniks;1
2024-11-02;Barış Diri;1
2024-11-02;The Rising Storm;1
2024-11-02;Oasis;1
2024-11-02;Altin Gün;2
2024-11-02;The Cure;2
2024-11-02;The Dave Brubeck Quartet;1
2024-11-02;Ezginin Günlügü;1
2024-11-02;The Cranberries;1
2024-11-02;The Scorpions;2
2024-11-02;questionmark;2
2024-11-02;Blackblood;2
2024-11-02;La Femme;39
2024-11-02;Reymour;1
2024-11-02;Rudolph Johnson;1
2024-11-02;Ikebe Shakedown;1
2024-11-02;Lafayette Afro Rock Band;1
2024-11-02;Roy Ayers;1
2024-11-02;Anitek;4
2024-11-02;Alice Clark;1
2024-11-02;Alain Goraguer;3
2024-11-02;Sound of Fractures;1
2024-11-02;Hariçten Gazelciler;1
2024-11-02;RK Nagati;1
2024-11-02;Danny Rivera;1
2024-11-02;Lou Rawls;1
2024-11-02;Tim Maia;1
2024-11-02;Bembeya Jazz National;1
2024-11-02;Ersen ve Dadaşlar;1
2024-11-02;The Dramatics;1
2024-11-02;Carioca;1
2024-11-02;El Michels Affair;1
2024-11-02;Samuel Belay;1
2024-11-02;Hardal;1
2024-11-02;Chene Noir;1
2024-11-02;Wendell Harrison;1
2024-11-02;Menahan Street Band;2
2024-11-02;Alessandro Alessandroni;1
2024-11-02;Pierre Cavalli;1
2024-11-02;Gene Sikora;1
2024-11-02;Syl Johnson;1
2024-11-02;Ahmed Malek;3
2024-11-02;Elysian Spring;1
2024-11-02;I Marc 4;3
2024-11-02;Piero Umiliani;2
2024-11-02;The Olympians;1
2024-11-02;Mulatu Astatke;2
2024-11-02;George Semper;1
2024-11-02;Janko Nilovic;1
2024-11-02;Galt MacDermot;1
2024-11-02;Azymuth;1
2024-11-02;cassö;4
2024-11-02;Lady Gaga;16
2024-11-02;ABBA;8
2024-11-02;Charli xcx;4
2024-11-02;Britney Spears;5
2024-11-02;New Order;2
2024-11-02;Blondie;3
2024-11-02;Dead Or Alive;1
2024-11-02;Bruce Springsteen;1
2024-11-02;Yeah Yeah Yeahs;1
2024-11-02;Bee Gees;4
2024-11-02;Michael Jackson;8
2024-11-02;Culture Club;2
2024-11-02;Cher;4
2024-11-02;Flört;2
2024-11-02;Mick Jagger;1
2024-11-02;Flo Rida;1
2024-11-02;Pitbull;1
2024-11-02;Kensuke Ushio;1
2024-11-02;Dalida;1
2024-11-02;Plastic Bertrand;2
2024-11-02;Dick Dale;3
2024-11-02;Discotronic;2
2024-11-02;Katrina & The Waves;3
2024-11-02;The Rolling Stones;2
2024-11-02;The Smiths;1
2024-11-02;Daft Punk;3
2024-11-02;Whitney Houston;2
2024-11-02;Elton John;2
2024-11-02;Marvin Gaye;2
2024-11-02;Queen;2
2024-11-02;Modern Talking;2
2024-11-02;Kesha;1
2024-11-02;Chappell Roan;1
2024-11-02;Kylie Minogue;2
2024-11-02;Aqua;1
2024-11-02;Billy Idol;1
2024-11-02;She Wants Revenge;1
2024-11-02;Cyndi Lauper;1
2024-11-02;Madonna;2
2024-11-02;The Doors;1
2024-11-02;Fiona Apple;2
2024-11-02;Lou Reed;1
2024-11-02;Nancy Sinatra;1
2024-11-02;Bill Withers;1
2024-11-02;Elvis Presley;3
2024-11-02;Creedence Clearwater Revival;2
2024-11-02;The Cramps;1
2024-11-02;Rick James;1
2024-11-02;Muse;1
2024-11-02;Daryl Hall & John Oates;1
2024-11-02;Mitski;1
2024-11-02;Chuck Berry;1
2024-11-02;Blue Öyster Cult;1
2024-11-02;Survivor;1
2024-11-02;Alannah Myles;1
2024-11-02;Ray Charles;1
2024-11-02;Ace of Base;1
2024-11-02;George Michael;3
2024-11-02;Men At Work;1
2024-11-02;Brek;1
2024-11-02;Talking Heads;1
2024-11-02;Ahmet Kaya;4
2024-11-02;Hevdeng;1
2024-11-02;DLY;1
2024-11-02;Siyasiyabend;1
2024-11-02;Vendredi sur Mer;1
2024-11-02;A Toys Orchestra;1
2024-11-02;Stanisław Słowiński;1
2024-11-02;Grant Lee Buffalo;1
2024-11-02;Mark Ronson;2
2024-11-02;Gaetano Donizetti;2
2024-11-02;Papooz;1
2024-11-02;Yusuf;1
2024-11-02;Fazıl Say;1
2024-11-02;Barış Manço;1
2024-11-02;Joris Delacroix;1
2024-11-02;Fire Choir;1
2024-11-02;Patti Smith;1
2024-11-02;Zeid and the Wings;1
2024-11-02;Jacqueline Taieb;1
2024-11-02;Ted Nugent;1
2024-11-02;Ruth;1
2024-11-02;Sexy Sushi;1
2024-11-02;Pan Pan;1
2024-11-02;Damien Rice;1
2024-11-02;Ti.po.ta;1
2024-11-02;Lael Neale;1
2024-11-03;Crosby, Stills, Nash & Young;2
2024-11-03;Gaye Su Akyol;1
2024-11-03;The Police;1
2024-11-03;Tiny Tim;1
2024-11-03;Seu Jorge;1
2024-11-03;Tuna Kiremitçi;1
2024-11-03;Urge Overkill;1
2024-11-03;Baba Zula;1
2024-11-03;The Human League;1
2024-11-03;Iggy Pop;1
2024-11-03;Haggard;1
2024-11-03;Matina Sous Peau;1
2024-11-03;Tinariwen;1
2024-11-03;Dido;1
2024-11-03;Iron Maiden;1
2024-11-03;Apocalyptica;1
2024-11-03;The Smiths;6
2024-11-03;bôa;2
2024-11-03;Matt Maltese;1
2024-11-03;Kate Bush;1
2024-11-03;Chris Isaak;1
2024-11-03;Eyedress;2
2024-11-03;The Drums;2
2024-11-03;Strawberry Guy;1
2024-11-03;Radiohead;1
2024-11-03;Steve Lacy;2
2024-11-03;Jordana;1
2024-11-03;Mac DeMarco;2
2024-11-03;Vundabar;1
2024-11-03;Kurt Cobain;1
2024-11-03;Beach House;1
2024-11-03;Pixies;1
2024-11-03;Çetin Alp;1
2024-11-03;Björk;1
2024-11-04;Funkadelic;1
2024-11-04;Amnesty;1
2024-11-04;Orchestra Baobab;1
2024-11-04;Cortex;1
2024-11-04;Marlena Shaw;1
2024-11-04;Mulatu Astatke;1
2024-11-04;Demon Fuzz;1
2024-11-04;Hailu Mergia;1
2024-11-04;The Whatnauts;1
2024-11-04;Eddie Holman;1
2024-11-04;Eugene McDaniels;1
2024-11-04;Azymuth;2
2024-11-04;Tom Scott;2
2024-11-04;Frank Sinatra;1
2024-11-04;Menahan Street Band;2
2024-11-04;Marvin Gaye;1
2024-11-04;The Lijadu Sisters;1
2024-11-04;Air;2
2024-11-04;Nightmares On Wax;1
2024-11-04;Khruangbin;1
2024-11-04;The Zombies;1
2024-11-04;Özdemir Erdoğan;1
2024-11-04;I Monster;4
2024-11-04;Kokoroko;2
2024-11-04;Nouvelle Vague;3
2024-11-04;Pink Floyd;9
2024-11-04;Crosby, Stills, Nash & Young;2
2024-11-04;Shivaree;1
2024-11-04;The Smiths;2
2024-11-04;Chet Baker;2
2024-11-04;Bob Dylan;1
2024-11-04;UFO;2
2024-11-04;Jim Croce;1
2024-11-04;The Doors;2
2024-11-04;Ten Years After;1
2024-11-04;Black Sabbath;2
2024-11-04;Radiohead;1
2024-11-04;Deep Purple;1
2024-11-04;Dire Straits;1
2024-11-05;Pink Floyd;2
2024-11-05;Supertramp;2
2024-11-05;Patti Smith;1
2024-11-05;Jefferson Airplane;1
2024-11-05;The Kinks;1
2024-11-05;Rodríguez;1
2024-11-05;David Bowie;2
2024-11-05;The Animals;1
2024-11-05;The Velvet Underground;1
2024-11-05;The Smiths;1
2024-11-05;The Doors;1
2024-11-05;Radiohead;3
2024-11-05;Cults;1
2024-11-05;Mac DeMarco;1
2024-11-05;The Strokes;1
2024-11-05;Menahan Street Band;1
2024-11-05;✧BRAINDAAMAGE✧;1
2024-11-05;I Monster;1
2024-11-05;Juniore;1
2024-11-05;Ersen ve Dadaşlar;1
2024-11-05;Marianne Faithfull;1
2024-11-05;Still Corners;1
2024-11-05;Moriarty;1
2024-11-05;Palmiyeler;1
2024-11-05;Malik Djoudi;1
2024-11-05;KC & The Sunshine Band;2
2024-11-05;Moby;2
2024-11-05;Vincent Peirani;1
2024-11-05;Haramiler;2
2024-11-05;Charlotte Cardin;1
2024-11-05;Yavuz Çetin;1
2024-11-05;Çetin Alp;2
2024-11-05;Big John K;1
2024-11-05;Asha Puthli;1
2024-11-06;Mimis Plessas;1
2024-11-06;Little Beaver;1
2024-11-06;Rolando Alarcon;8
2024-11-06;Los Caballeros;1
2024-11-06;Manu Chao;3
2024-11-06;Angélique Ionatos;1
2024-11-06;Charles Rocchi;1
2024-11-06;Dr Nele Karajlic;1
2024-11-06;Orquesta Huambaly;1
2024-11-06;Rosa Balistreri;2
2024-11-06;Angelo Petisi;1
2024-11-06;Édith Piaf;1
2024-11-06;Cecilia Todd;2
2024-11-06;Rafael Riqueni;2
2024-11-06;Osvaldo Rodriguez;2
2024-11-06;César le Groupe Temoignage;1
2024-11-06;Peret;1
2024-11-06;Otello Profazio;1
2024-11-06;Gitano Family;1
2024-11-06;Carlos Puebla Y Sus Tradicionales;2
2024-11-06;Octavio Mesa Y Su Conjunto;1
2024-11-06;Antoñita Moreno;1
2024-11-06;Jorge Cafrune;1
2024-11-06;Chicho Sánchez Ferlosio;1
2024-11-06;Alonso y Bernardo;1
2024-11-06;Cymande;1
2024-11-06;Nino Ferrer;1
2024-11-06;Baby Huey;1
2024-11-06;Professionals;1
2024-11-06;Jean-Pierre Mirouze;1
2024-11-06;Darondo;2
2024-11-06;Fred Williams;1
2024-11-06;Galt MacDermot;1
2024-11-06;Janko Nilovic;1
2024-11-06;Bob Azzam;1
2024-11-06;Curtis Mayfield;1
2024-11-06;Rogér Fakhr;1
2024-11-06;The Lijadu Sisters;1
2024-11-06;Gábor Szabó;1
2024-11-06;The Advancement;1
2024-11-06;Dalton;1
2024-11-06;Joe Pass;1
2024-11-06;Bembeya Jazz National;1
2024-11-06;Lyn Christopher;1
2024-11-06;Nico Gomez And His Afro Percussion Inc.;1
2024-11-06;Itadi;1
2024-11-06;Annette Peacock;1
2024-11-06;Büyük Ev Ablukada;17
2024-11-06;Siyasiyabend;2
2024-11-06;Yavuz Çetin;2
2024-11-06;Brek;2
2024-11-06;Henry The Lee;1
2024-11-06;Peyk;1
2024-11-06;Adamlar;1
2024-11-06;Sakin;1
2024-11-06;uclercagri;1
2024-11-06;Radiohead;2
2024-11-07;Radiohead;19
2024-11-07;Oasis;5
2024-11-07;Big John K;1
2024-11-07;The Doors;1
2024-11-07;Supertramp;1
2024-11-07;Menahan Street Band;1
2024-11-07;Tom Scott;1
2024-11-07;Demon Fuzz;1
2024-11-07;Funkadelic;3
2024-11-07;Syl Johnson;1
2024-11-07;Sakin;1
2024-11-07;Matina Sous Peau;1
2024-11-07;Blue Öyster Cult;1
2024-11-07;Juniore;1
2024-11-07;Barcelona Gipsy balKan Orchestra;1
2024-11-07;Bob Dylan;1
2024-11-07;Edward Sharpe & The Magnetic Zeros;1
2024-11-07;PJ Harvey;1
2024-11-07;Gadjo Dilo;1
2024-11-07;Büyük Ev Ablukada;2
2024-11-07;Palmiyeler;2
2024-11-07;Santana;1
2024-11-07;Malik Djoudi;1
2024-11-07;Vendredi sur Mer;1
2024-11-07;Altin Gün;2
2024-11-07;The Cure;1
2024-11-07;Rodríguez;3
2024-11-07;Yusuf;1
2024-11-07;Jimi Hendrix;1
2024-11-07;Paolo Nutini;1
2024-11-07;Dire Straits;6
2024-11-07;Marion Black;1
2024-11-07;Snowy White;1
2024-11-07;UFO;1
2024-11-07;Galt MacDermot;1
2024-11-07;The Box Tops;1
2024-11-07;Fenton Robinson;1
2024-11-07;Chris Isaak;3
2024-11-07;The Greenhornes;1
2024-11-07;Deep Purple;1
2024-11-07;Crosby, Stills, Nash & Young;1
2024-11-07;Canned Heat;1
2024-11-07;Ten Years After;1
2024-11-07;The Animals;1
2024-11-07;The Meltdown;1
2024-11-07;Tito & Tarantula;1
2024-11-07;Phoebe Killdeer;1
2024-11-07;The Jeremy Spencer Band;1
2024-11-07;Frazey Ford;1
2024-11-07;Scarlet Pleasure;2
2024-11-07;Papooz;1
2024-11-07;The Handsome Family;1
2024-11-07;Warhaus;1
2024-11-08;The Dø;1
2024-11-08;Dire Straits;6
2024-11-08;Pan Pan;1
2024-11-08;Cage The Elephant;1
2024-11-08;Teoman;2
2024-11-08;Moriarty;1
2024-11-08;Sakin;3
2024-11-08;David Bowie;2
2024-11-08;The Kinks;1
2024-11-08;Dafné Kritharas;1
2024-11-08;America;1
2024-11-08;Patti Smith;3
2024-11-08;Selin Çıngır;1
2024-11-08;Peyk;2
2024-11-08;Madonna;2
2024-11-08;Goran Bregović;1
2024-11-08;Blondie;1
2024-11-08;Meen;1
2024-11-08;Other Lives;1
2024-11-08;Skinshape;1
2024-11-08;La Femme;1
2024-11-08;Büyük Ev Ablukada;5
2024-11-08;The Doors;3
2024-11-08;Janko Nilovic;1
2024-11-08;The Beatles;1
2024-11-08;Jacqueline Taieb;1
2024-11-08;Lady Gaga;2
2024-11-08;Santana;1
2024-11-08;Alsarah & The Nubatones;1
2024-11-08;The Dave Brubeck Quartet;1
2024-11-08;Led Zeppelin;2
2024-11-08;Pomme;1
2024-11-08;Pixies;1
2024-11-08;Alice Cooper;1
2024-11-08;Jethro Tull;1
2024-11-08;Bauhaus;1
2024-11-08;Michael Jackson;1
2024-11-08;Leonard Cohen;1
2024-11-08;Vincent Delerm;1
2024-11-08;Sabina Sciubba;1
2024-11-08;The Neighbourhood;1
2024-11-08;Baba Zula;1
2024-11-08;Son Feci Bisiklet;2
2024-11-08;Riff Cohen;1
2024-11-08;Vanessa Paradis;1
2024-11-08;Erlend Øye;1
2024-11-08;Titanic;1
2024-11-08;Rodríguez;2
2024-11-08;Metallica;1
2024-11-08;John Lee Hooker;1
2024-11-08;Buffalo Springfield;1
2024-11-08;The Rolling Stones;1
2024-11-08;Barcelona Gipsy Klezmer Orchestra;1
2024-11-08;Jimi Hendrix;1
2024-11-08;Handsome Boy Modeling School;2
2024-11-08;Thievery Corporation;3
2024-11-08;Jon Kennedy;1
2024-11-08;Daprinski;1
2024-11-08;Romare;1
2024-11-08;Ilhan Ersahin;1
2024-11-08;Anouar Brahem;1
2024-11-08;Orient Expressions;1
2024-11-08;mor ve ötesi;4
2024-11-08;Dolu Kadehi Ters Tut;1
2024-11-08;Ayten Alpman;1
2024-11-08;M Lisa;1
2024-11-08;Özdemir Erdoğan;1
2024-11-08;Tuna Kiremitçi;1
2024-11-08;Cem Karaca;1
2024-11-08;Mehmet Güreli;1
2024-11-08;Duman;1
2024-11-08;Funkadelic;1
2024-11-08;Matina Sous Peau;3
2024-11-08;Bob Dylan;1
2024-11-08;Juniore;1
2024-11-08;Blonde Redhead;1
2024-11-08;Edward Sharpe & The Magnetic Zeros;1
2024-11-08;Sinéad O'Connor;1
2024-11-08;J.J. Cale;1
2024-11-08;George Mgrdichian;1
2024-11-08;Yavuz Çetin;2
2024-11-08;Istanbul Sessions;1
2024-11-08;Siyasiyabend;16
2024-11-08;Palmiyeler;1
2024-11-08;Yaşar Kurt;2
2024-11-08;Çağrı Sinci;1
2024-11-08;Olta;1
2024-11-08;Big John K;1
2024-11-08;Supertramp;1
2024-11-08;Menahan Street Band;1
2024-11-09;Tom Scott;1
2024-11-09;Daft Punk;7
2024-11-09;Sakin;1
2024-11-09;Yiğit Seferoğlu;1
2024-11-09;Ozan Ünlü;1
2024-11-09;Rodríguez;1
2024-11-09;Big John K;1
2024-11-09;The Doors;2
2024-11-09;Dio;1
2024-11-09;Film Noir;2
2024-11-09;DAKOOKA;2
2024-11-09;Supertramp;1
2024-11-09;Papooz;1
2024-11-09;Pi Ja Ma;1
2024-11-09;Pierre Cavalli;1
2024-11-09;Patrick Watson;1
2024-11-09;Richie Havens;1
2024-11-09;Klaus Nomi;1
2024-11-09;Gadjo Dilo;1
2024-11-09;Haymatlos;1
2024-11-09;Moriarty;1
2024-11-09;Liquid Gold;1
2024-11-09;The Who;1
2024-11-09;Tim Curry;1
2024-11-09;Kovacs;1
2024-11-09;Tones On Tail;1
2024-11-09;Jacques Brel;1
2024-11-09;La Femme;1
2024-11-09;Lana Del Rey;3
2024-11-09;Goran Bregović;1
2024-11-09;The Dolly Rocker Movement;1
2024-11-09;Chris de Burgh;1
2024-11-09;The Smiths;3
2024-11-09;George Mgrdichian;1
2024-11-09;Morcheeba;2
2024-11-09;Urge Overkill;1
2024-11-09;Dario Moreno;1
2024-11-09;Moonspell;1
2024-11-09;Peyk;1
2024-11-09;Ozzy Osbourne;1
2024-11-09;Yorina;1
2024-11-09;Tülay German;1
2024-11-09;FILV;1
2024-11-09;Halsey;1
2024-11-09;Ginger Root;1
2024-11-09;Megadeth;1
2024-11-09;Opeth;1
2024-11-09;Dolu Kadehi Ters Tut;1
2024-11-09;Frank Zappa;1
2024-11-09;Scarlet Pleasure;1
2024-11-09;Paolo Nutini;1
2024-11-09;Benjamin Biolay;1
2024-11-09;Second;1
2024-11-09;Morrissey;1
2024-11-09;Michelle Gurevich;1
2024-11-09;Pink Floyd;2
2024-11-09;Julee Cruise;1
2024-11-09;17 Hippies;1
2024-11-09;PUSSY PATROL;1
2024-11-09;MARINA;1
2024-11-09;Hula Hi-Fi;1
2024-11-09;Still Corners;1
2024-11-09;Emerson, Lake & Palmer;1
2024-11-09;AaRON;1
2024-11-09;Seals and Crofts;1
2024-11-09;Stanisław Słowiński;2
2024-11-09;Haggard;2
2024-11-09;Maria Faradouri;1
2024-11-09;Janis Joplin;1
2024-11-09;L'Impératrice;1
2024-11-09;Lou Reed;1
2024-11-09;Mademoiselle K;1
2024-11-09;Jimi Hendrix;1
2024-11-09;Donna Summer;1
2024-11-09;Massive Attack;1
2024-11-09;Frazey Ford;1
2024-11-09;Steiner & Madlaina;1
2024-11-09;The Dø;1
2024-11-09;Hooverphonic;1
2024-11-09;Lou Donaldson;1
2024-11-09;Серебряная свадьба;1
2024-11-09;Nouvelle Vague;1
2024-11-09;Nick Cave & The Bad Seeds;1
2024-11-09;Luciano Pavarotti;1
2024-11-09;Black Sabbath;1
2024-11-09;Melanie De Biasio;1
2024-11-09;Wolfgang Amadeus Mozart;1
2024-11-09;Vanessa Paradis;1
2024-11-10;Deep Purple;1
2024-11-10;Grand Soleil;1
2024-11-10;Paolo Fresu;1
2024-11-10;Ilhan Ersahin;1
2024-11-10;Led Zeppelin;1
2024-11-10;Peyk;2
2024-11-10;Eyedress;1
2024-11-10;David Gilmour;1
2024-11-10;Barış Kocatürk;1
2024-11-10;Hula Hi-Fi;1
2024-11-10;Jefferson Airplane;1
2024-11-10;Goran Bregović;1
2024-11-10;Iron Maiden;1
2024-11-10;Juniore;1
2024-11-10;Air;4
2024-11-10;Jarvis Cocker;2
2024-11-10;Alexandre Desplat;1
2024-11-10;Faces;1
2024-11-10;Love;1
2024-11-10;The Velvet Underground;1
2024-11-10;Michelle Gurevich;5
2024-11-10;Bratia Stereo;1
2024-11-10;Jay-Jay Johanson;3
2024-11-10;Odetta Hartman;1
2024-11-10;Hindi Zahra;2
2024-11-10;Warhaus;1
2024-11-10;Parov Stelar;1
2024-11-10;Iyeoka;1
2024-11-10;Gülce Duru;1
2024-11-10;Nouvelle Vague;1
2024-11-10;Monika;1
2024-11-10;Buffalo Springfield;1
2024-11-10;Vega;1
2024-11-10;Pink Martini;1
2024-11-10;Epica;1
2024-11-10;ABBA;1
2024-11-10;Pink Floyd;2
2024-11-10;Bob Dylan;1
2024-11-10;17 Hippies;1
2024-11-10;Madonna;1
2024-11-10;Matt Kent;1
2024-11-10;Ylvis;1
2024-11-10;Scorpions;1
2024-11-10;Ouzo Bazooka;1
2024-11-10;Giannis Poulopoulos;1
2024-11-10;La Femme;2
2024-11-10;berlioz;1
2024-11-10;Jacques Brel;3
2024-11-10;Chris Isaak;1
2024-11-10;Jan;2
2024-11-10;Megadeth;2
2024-11-10;Tülay German;1
2024-11-10;Johann Sebastian Bach;1
2024-11-10;Princess Chelsea;1
2024-11-10;The Neighbourhood;1
2024-11-10;Patti Smith;3
2024-11-10;Robert Plant;2
2024-11-10;Alsarah & The Nubatones;1
2024-11-10;Nazar;1
2024-11-10;Vendredi sur Mer;1
2024-11-10;Pearl Jam;1
2024-11-10;Sakin;2
2024-11-10;Papooz;1
2024-11-10;Skinshape;1
2024-11-10;Edward Sharpe & The Magnetic Zeros;1
2024-11-10;Isaac Delusion;1
2024-11-10;Anna B Savage;1
2024-11-10;Jimi Hendrix;1
2024-11-10;Yom;1
2024-11-10;Elena Ledda;2
2024-11-10;Joana Machado;1
2024-11-10;UFO;1
2024-11-10;Uğur Yücel;1
2024-11-10;Cem Karaca;12
2024-11-10;Mahsun Kırmızıgül;1
2024-11-10;Akira Sakata;2
2024-11-10;Hayko Cepkin;9
2024-11-10;Nilüfer;1
2024-11-10;Şebnem Ferah;1
2024-11-10;Demir Demirkan;1
2024-11-10;Büyük Ev Ablukada;2
2024-11-10;Bulutsuzluk Özlemi;1
2024-11-10;Dolu Kadehi Ters Tut;1
2024-11-10;Tuna Kiremitçi;1
2024-11-10;Pinhani;1
2024-11-10;No Land;1
2024-11-10;Son Feci Bisiklet;1
2024-11-10;Kaan Tangöze;1
2024-11-10;Feridun Düzağaç;1
2024-11-10;Yüzyüzeyken Konuşuruz;1
2024-11-11;Peyk;1
2024-11-11;Siyasiyabend;11
2024-11-11;Büyük Ev Ablukada;2
2024-11-11;MEG MYERS;1
2024-11-11;Erkan Oğur;1
2024-11-11;Flört;1
2024-11-11;MFÖ;1
2024-11-11;Çağrı Sinci;1
2024-11-11;Olta;1
2024-11-11;Jarvis Cocker;1
2024-11-11;The Orion Experience;1
2024-11-11;Alice Cooper;2
2024-11-11;Air;4
2024-11-11;Tom Scott;1
2024-11-11;Demon Fuzz;2
2024-11-11;The Smiths;1
2024-11-11;The Cure;1
2024-11-11;David Bowie;20
2024-11-11;Mo' Horizons;1
2024-11-11;The Saxophones;1
2024-11-11;MARINA;1
2024-11-11;Chris de Burgh;1
2024-11-11;Albin de la Simone;1
2024-11-11;Pink Floyd;1
2024-11-11;The Pointer Sisters;1
2024-11-11;Iron Maiden;1
2024-11-11;Robi;1
2024-11-11;Film Noir;1
2024-11-11;Porkboii;1
2024-11-11;Frank Zappa;1
2024-11-11;The Beatles;1
2024-11-11;Matmazel;1
2024-11-11;Wax Poetic;2
2024-11-11;Wiener Tschuschenkapelle;2
2024-11-11;Elton John;1
2024-11-11;Adam Port;1
2024-11-11;Alexandra Savior;1
2024-11-11;La Femme;5
2024-11-11;Requin Chagrin;1
2024-11-11;Camille Jansen;1
2024-11-11;Findlay;1
2024-11-11;L'Impératrice;1
2024-11-11;Soko;2
2024-11-11;Juniore;3
2024-11-11;Maria Faradouri;2
2024-11-11;Drug Store Romeos;1
2024-11-11;Blonde Redhead;1
2024-11-11;Françoise Hardy;1
2024-11-11;Someone;1
2024-11-11;Jonathan Bree;1
2024-11-11;Marcoca;1
2024-11-11;Reymour;1
2024-11-11;Papooz;1
2024-11-11;Alice Phoebe Lou;1
2024-11-11;King Crimson;1
2024-11-11;UFO;1
2024-11-12;Sertab Erener;1
2024-11-12;Weyes Blood;1
2024-11-12;Sufjan Stevens;1
2024-11-12;Lana Del Rey;2
2024-11-12;The Beatles;1
2024-11-12;BADBADNOTGOOD;2
2024-11-12;Radiohead;4
2024-11-12;Men I Trust;1
2024-11-12;The Smiths;3
2024-11-12;Current Joys;2
2024-11-12;Sports;1
2024-11-12;Portishead;1
2024-11-12;Cigarettes After Sex;5
2024-11-12;Jordana;1
2024-11-12;Her's;1
2024-11-12;Jeff Buckley;1
2024-11-12;Beach House;2
2024-11-12;Mac DeMarco;4
2024-11-12;The Strokes;4
2024-11-12;Chris Isaak;1
2024-11-12;Strawberry Guy;1
2024-11-12;Alice Phoebe Lou;1
2024-11-12;Eyedress;1
2024-11-12;TV Girl;2
2024-11-12;Pink Floyd;2
2024-11-12;Rolando Alarcon;1
2024-11-12;Mazzy Star;1
2024-11-12;Tame Impala;2
2024-11-12;Djo;1
2024-11-12;Cocteau Twins;1
2024-11-12;The Daughters Of Eve;1
2024-11-12;Matt Maltese;1
2024-11-12;Vansire;1
2024-11-12;Lou Reed;2
2024-11-12;Bob Dylan;1
2024-11-12;The Cure;2
2024-11-12;U2;1
2024-11-12;The Doors;1
2024-11-12;Dire Straits;1
2024-11-12;Patti Smith;1
2024-11-12;The Police;1
2024-11-12;David Bowie;4
2024-11-12;Bobby Womack;1
2024-11-12;The Handsome Family;1
2024-11-12;Beirut;1
2024-11-12;Hindi Zahra;1
2024-11-12;Zella Day;1
2024-11-12;Siyasiyabend;1
2024-11-12;UFO;1
2024-11-12;La Femme;1
2024-11-12;Cream;1
2024-11-12;Paul Simon;3
2024-11-12;Mirkelam;1
2024-11-12;Greta Van Fleet;1
2024-11-12;Portugal. The Man;1
2024-11-12;MARINA;1
2024-11-12;Eleni Karaindrou;1
2024-11-12;Eddie Harper;1
2024-11-12;Pavlos Sidiropoulos;1
2024-11-12;Vina Sergi;1
2024-11-12;ολίνα;1
2024-11-12;LogOut;1
2024-11-12;Sativa;1
2024-11-12;The Bad Poetry Social Club;2
2024-11-12;N'Cheezed;1
2024-11-12;Dury Dava;1
2024-11-12;Alexandra Epitheti;2
2024-11-12;Xatzifrageta;1
2024-11-12;Kepler Is Free;1
2024-11-12;Transparent Man;1
2024-11-12;Sophie lies;1
2024-11-12;Fâné;1
2024-11-12;P.I.E.V.;1
2024-11-12;0-100 seirene;1
2024-11-12;TURBOFLOW3000;1
2024-11-12;Santana;1
2024-11-12;Bic Runga;1
2024-11-12;Arsun;1
2024-11-12;Gunter Kallmann Choir;1
2024-11-12;Sakin;1
2024-11-12;Edward Sharpe & The Magnetic Zeros;1
2024-11-12;Luciano Pavarotti;1
2024-11-12;The Dø;1
2024-11-12;Jim Croce;1
2024-11-12;Ozan Ünlü;1
2024-11-13;Quilapayún;1
2024-11-13;Morrissey;9
2024-11-13;Chris Isaak;5
2024-11-13;The Bad Poetry Social Club;1
2024-11-13;Sting;1
2024-11-13;The Gentle Waves;1
2024-11-13;The Doors;3
2024-11-13;The Beatles;3
2024-11-13;Pink Floyd;2
2024-11-13;John Lennon;1
2024-11-13;The Smiths;1
2024-11-13;Portishead;2
2024-11-13;The Last Shadow Puppets;1
2024-11-13;Morphine;1
2024-11-13;Tindersticks;1
2024-11-13;Wilco;2
2024-11-13;Damien Rice;1
2024-11-13;Jarvis Cocker;1
2024-11-13;Motorama;1
2024-11-13;Pixies;1
2024-11-13;Ylvis;3
2024-11-13;Bertrand Belin;1
2024-11-13;Frazey Ford;1
2024-11-13;Büyük Ev Ablukada;1
2024-11-13;Erkin Koray;2
2024-11-13;Eurythmics;1
2024-11-13;Teoman;2
2024-11-13;Palmiyeler;3
2024-11-13;Jacky Terrasson;1
2024-11-13;They Might Be Giants;1
2024-11-13;Kalben;1
2024-11-13;Epica;1
2024-11-13;Nightwish;1
2024-11-13;Daft Punk;1
2024-11-13;Bauhaus;1
2024-11-13;B.B. King;1
2024-11-13;Paul McCartney;1
2024-11-13;Asu Maralman;1
2024-11-13;Pi Ja Ma;1
2024-11-13;Alice Cooper;1
2024-11-13;Lady Gaga;1
2024-11-13;Yasemin Mori;2
2024-11-13;Oi Va Voi;3
2024-11-13;Les Ombres;1
2024-11-13;Bilal Karaman;1
2024-11-13;PJ Harvey;1
2024-11-13;Nouvelle Vague;1
2024-11-13;Seu Jorge;1
2024-11-13;Sinéad O'Connor;1
2024-11-13;Olympians;1
2024-11-13;Can Güngör;1
2024-11-13;Soft Cell;1
2024-11-13;Thievery Corporation;1
2024-11-13;Mirkelam;1
2024-11-13;Arturo Buzzi-Peccia;1
2024-11-13;Vega;1
2024-11-13;Waldeck;1
2024-11-13;Simon & Garfunkel;1
2024-11-13;Christophe Julien;1
2024-11-13;Lou Donaldson;1
2024-11-13;Santana;1
2024-11-13;Cayetano;1
2024-11-13;The Rolling Stones;1
2024-11-13;Anastacia;1
2024-11-13;The Police;1
2024-11-13;Gevende;2
2024-11-13;Michelle Gurevich;4
2024-11-13;Bülent Ortaçgil;1
2024-11-13;Mehmet Güreli;2
2024-11-13;Barış Manço;2
2024-11-13;Jay-Jay Johanson;1
2024-11-13;Songs From A Breeze;1
2024-11-13;Gülinler;1
2024-11-13;Hindi Zahra;1
2024-11-13;Gülce Duru;1
2024-11-13;Gaye Su Akyol;3
2024-11-13;Lalalar;3
2024-11-13;Monika;1
2024-11-13;Brek;1
2024-11-13;Mélanie Pain;1
2024-11-13;Peyk;1
2024-11-13;Tuğçe Şenoğul;1
2024-11-13;Sevinç Tevs;1
2024-11-13;Derin Esmer;1
2024-11-13;Ivo Dimchev;1
2024-11-13;Athena;1
2024-11-13;Kadebostany;1
2024-11-13;La Batteria;1
2024-11-13;Brazzaville;2
2024-11-13;Piero Umiliani;1
2024-11-13;Elysian Spring;1
2024-11-13;The Blackbyrds;1
2024-11-13;Mulatu Astatke;1
2024-11-13;Cymande;1
2024-11-13;Azymuth;1
2024-11-13;Pierre Cavalli;1
2024-11-13;Ikebe Shakedown;1
2024-11-13;Menahan Street Band;1
2024-11-13;Riz Ortolani;1
2024-11-13;The Scorpions;2
2024-11-14;Dorothy Ashby;4
2024-11-14;Mack Browne & The Brothers;1
2024-11-14;Alan Tew;1
2024-11-14;The Budos Band;1
2024-11-14;Gene Sikora;1
2024-11-14;I Marc 4;1
2024-11-14;Admas;1
2024-11-14;Yasemin Mori;1
2024-11-14;Palmiyeler;4
2024-11-14;Hardal;2
2024-11-14;Lin Pesto;1
2024-11-14;Sakin;2
2024-11-14;America;1
2024-11-14;Siyasiyabend;1
2024-11-14;0-100 seirene;2
2024-11-14;Baby's Berserk;1
2024-11-14;Vina Sergi;1
2024-11-14;Fâné;1
2024-11-14;Marcoca;1
2024-11-14;Blonde Redhead;1
2024-11-14;Megadeth;1
2024-11-14;The Doors;2
2024-11-14;Jarvis Cocker;1
2024-11-14;Les Yeux Noirs;2
2024-11-14;Papooz;1
2024-11-14;The Dø;2
2024-11-14;Paul Simon;1
2024-11-14;MARINA;1
2024-11-14;I Monster;3
2024-11-14;Padme;1
2024-11-14;Bob Dylan;2
2024-11-14;Morrissey;1
2024-11-14;David Bowie;5
2024-11-14;Pink Floyd;3
2024-11-14;George Semper;2
2024-11-14;La Femme;3
2024-11-14;Juniore;1
2024-11-14;Cortex;1
2024-11-14;Waldeck;1
2024-11-14;The Cure;1
2024-11-14;Manu Chao;1
2024-11-14;Michelle Gurevich;2
2024-11-14;The Beatles;1
2024-11-14;Dire Straits;2
2024-11-14;PJ Harvey;3
2024-11-14;Kaan Tangöze;1
2024-11-14;Turkish Delight;1
2024-11-14;Radiohead;3
2024-11-14;Alain Goraguer;1
2024-11-14;The Rolling Stones;1
2024-11-14;MFÖ;1
2024-11-14;Grup Yorum;1
2024-11-14;Redd;1
2024-11-14;Jeff Buckley;1
2024-11-14;Quantic;1
2024-11-14;The Zombies;1
2024-11-14;Leonard Cohen;2
2024-11-14;Vanessa Paradis;1
2024-11-14;Thom Yorke;1
2024-11-14;Vincent Delerm;1
2024-11-14;Archive;1
2024-11-14;Black Sea Dahu;1
2024-11-14;Portishead;1
2024-11-14;Camp Claude;1
2024-11-14;Asaf Avidan;1
2024-11-14;Balthazar;1
2024-11-14;Nancy Sinatra;1
2024-11-14;Hooverphonic;1
2024-11-14;alt-J;1
2024-11-14;Alex Ebert;1
2024-11-14;Anna Calvi;1
2024-11-14;Metronomy;1
2024-11-15;Barış Manço;1
2024-11-15;Metronomy;1
2024-11-15;0-100 seirene;1
2024-11-15;The Smiths;1
2024-11-15;Michelle Gurevich;1
2024-11-15;Elita;2
2024-11-15;Vanille;1
2024-11-15;Radiohead;1
2024-11-15;Niño De Murcia;1
2024-11-15;Juniore;1
2024-11-15;Umay Umay;1
2024-11-15;Baba Zula;1
2024-11-15;Lonasona;1
2024-11-15;Rodríguez;1
2024-11-15;Camel;1
2024-11-15;David Bowie;1
2024-11-15;Blur;1
2024-11-15;Ian Gillan;1
2024-11-15;Büyük Ev Ablukada;1
2024-11-15;Led Zeppelin;1
2024-11-15;maNga;1
2024-11-15;Studio Killers;2
2024-11-15;Florence + The Machine;1
2024-11-15;Jennifer Lopez;1
2024-11-16;Muse;1
2024-11-16;Yavuz Çetin;4
2024-11-16;Gülce Duru;9
2024-11-16;Can Gox;6
2024-11-16;Titanic;4
2024-11-16;Odetta Hartman;1
2024-11-16;Snowy White;4
2024-11-16;Peyk;2
2024-11-16;Lloyd Spiegel;1
2024-11-16;J.J. Cale;1
2024-11-16;The White Buffalo;1
2024-11-16;Oi Va Voi;2
2024-11-16;Mélanie Pain;1
2024-11-16;Gandalf;1
2024-11-16;Moriarty;2
2024-11-16;Dire Straits;1
2024-11-16;The Moody Blues;1
2024-11-16;Rare Bird;1
2024-11-16;Blues Pills;2
2024-11-16;Jay-Jay Johanson;1
2024-11-16;Yigit Ozsener;1
2024-11-16;Cavit Ergun;4
2024-11-16;Frazey Ford;3
2024-11-16;Kesmeşeker;1
2024-11-16;Yüzyüzeyken Konuşuruz;2
2024-11-16;Kurban;1
2024-11-16;Açık Seçik Aşk Bandosu;1
2024-11-16;Şevket Uğurluer;1
2024-11-16;Mazhar Alanson;2
2024-11-16;Michelle Gurevich;3
2024-11-16;Jacinthe;1
2024-11-16;Kadebostany;4
2024-11-16;Mark Kelly;1
2024-11-16;anna RF;1
2024-11-16;Siyasiyabend;6
2024-11-16;Mehmet Güreli;1
2024-11-16;Ivo Dimchev;1
2024-11-16;Sattas;3
2024-11-16;LDRDO;1
2024-11-16;Selva Erdener;1
2024-11-16;Kerim Çaplı;2
2024-11-16;Sakin;5
2024-11-16;Gevende;2
2024-11-16;Steady Fingers;1
2024-11-16;No Blues;1
2024-11-16;Songs From A Breeze;1
2024-11-16;Erkut Taçkın;2
2024-11-16;Imany;1
2024-11-16;Demir Demirkan;1
2024-11-16;Pinhani;1
2024-11-16;Bulutsuzluk Özlemi;1
2024-11-16;Mehmet Alp;2
2024-11-16;Yasemin Mori;1
2024-11-16;uclercagri;1
2024-11-16;Hardal;2
2024-11-16;Yaşar Kurt;1
2024-11-16;Selin Çıngır;1
2024-11-16;0-100 seirene;1
2024-11-16;Ski Aggu;1
2024-11-16;Shantel;1
2024-11-16;Büyük Ev Ablukada;1
2024-11-16;Daft Punk;2
2024-11-16;Wishbone Ash;1
2024-11-16;D'Angelo;1
2024-11-16;Odezenne;1
2024-11-16;Matt Kent;1
2024-11-16;Nazar;1
2024-11-16;Tomppabeats;2
2024-11-16;PUSSY PATROL;1
2024-11-16;Light in Babylon;1
2024-11-16;Marcoca;1
2024-11-16;BENNETT;1
2024-11-16;Pomme;1
2024-11-16;Bobby Womack;1
2024-11-16;The Stranglers;1
2024-11-16;The Beatles;3
2024-11-16;Yusef Lateef;1
2024-11-16;Lana Del Rey;1
2024-11-16;Stavros Lantsias;1
2024-11-16;Ogün Sanlısoy;1
2024-11-16;Crosby, Stills, Nash & Young;1
2024-11-16;Morrissey;1
2024-11-16;Rainbow;1
2024-11-16;Jarvis Cocker;1
2024-11-16;Menahan Street Band;2
2024-11-16;Roger Waters;2
2024-11-16;Zaho de Sagazan;1
2024-11-16;INXS;2
2024-11-16;Chris de Burgh;1
2024-11-16;Muammer Sun;2
2024-11-16;Sam Quealy;2
2024-11-16;Franz Szony;1
2024-11-16;FILV;1
2024-11-16;Ratboys;1
2024-11-16;MFÖ;3
2024-11-16;B.B. King;3
2024-11-16;The Cranberries;1
2024-11-16;Moby;1
2024-11-16;The Doors;1
2024-11-16;Giannis Parios;1
2024-11-16;Dido;1
2024-11-16;Kalben;1
2024-11-16;Jean Gabin;1
2024-11-16;Pat Benatar;1
2024-11-16;Stefano Landi;1
2024-11-16;Mr. Oizo;1
2024-11-16;Pink Floyd;3
2024-11-16;Goran Bregović;2
2024-11-16;I Monster;2
2024-11-16;Ceramic Animal;1
2024-11-16;John Williams;1
2024-11-16;Bauhaus;1
2024-11-16;Led Zeppelin;1
2024-11-16;Gwendoline;1
2024-11-16;Apocalyptica;1
2024-11-16;Damien Rice;1
2024-11-16;The B-52's;1
2024-11-16;Greta Van Fleet;1
2024-11-16;Noriel Vilela;2
2024-11-16;The Smiths;2
2024-11-16;Albin de la Simone;1
2024-11-16;Lael Neale;1
2024-11-16;Fikret Kızılok;1
2024-11-16;Серебряная свадьба;1
2024-11-16;RuPaul;1
2024-11-16;Daniel Lavoie;2
2024-11-16;Nilipek.;1
2024-11-16;Jimi Hendrix;1
2024-11-16;Quaker City Night Hawks;1
2024-11-16;La Femme;2
2024-11-16;George Semper;1
2024-11-16;Motörhead;1
2024-11-16;Ultimate Spinach;1
2024-11-16;Hooverphonic;1
2024-11-16;Yom;1
2024-11-16;Alice et Moi;1
2024-11-16;Steve Vai;1
2024-11-16;Inner Circle;1
2024-11-16;Screaming Females;1
2024-11-16;Jain;1
2024-11-16;Ten Years After;1
2024-11-16;Prince;1
2024-11-16;Manos Loizos;2
2024-11-16;Xatzifrageta;1
2024-11-16;Opeth;1
2024-11-16;Kate Bush;1
2024-11-16;Mia Martini;1
2024-11-16;Saint Motel;1
2024-11-16;Haluk Levent;1
2024-11-16;Jethro Tull;1
2024-11-16;Cage The Elephant;1
2024-11-16;Jacques Brel;1
2024-11-16;Brek;1
2024-11-16;Lady Gaga;1
2024-11-16;Nev;1
2024-11-16;Ti.po.ta;1
2024-11-16;Bob Seger;1
2024-11-16;The Taxpayers;1
2024-11-16;Eski Liman;1
2024-11-16;Mark Lanegan;1
2024-11-16;Tame Impala;1
2024-11-16;Portishead;1
2024-11-16;Melanie;1
2024-11-16;Shivaree;1
2024-11-16;René Aubry;2
2024-11-16;Ouzo Bazooka;1
2024-11-16;Rolando Alarcon;1
2024-11-16;Cem Karaca;1
2024-11-16;Big John K;1
2024-11-16;Jacky Terrasson;1
2024-11-16;Scarlet Pleasure;1
2024-11-16;Flört;1
2024-11-16;Uğur Yücel;1
2024-11-16;Zaz;1
2024-11-16;Tove Lo;1
2024-11-16;Liza Minnelli;1
2024-11-16;LSDXOXO;1
2024-11-16;Robi;1
2024-11-16;Tuğkan;1
2024-11-16;Duman;1
2024-11-16;Brooksie;1
2024-11-16;Demon Fuzz;1
2024-11-17;Oasis;3
2024-11-17;Melanie De Biasio;1
2024-11-17;Margo Guryan;1
2024-11-17;Joana Machado;1
2024-11-17;The Who;1
2024-11-17;Umay Umay;2
2024-11-17;Üç nokta Bir;1
2024-11-17;Micatone;1
2024-11-17;Mich Gerber;1
2024-11-17;Flört;2
2024-11-17;Açık Seçik Aşk Bandosu;1
2024-11-17;Mes;2
2024-11-17;Murathan Mert;1
2024-11-17;Büyük Ev Ablukada;12
2024-11-17;Selin Çıngır;1
2024-11-17;Siyasiyabend;1
2024-11-17;Fâné;2
2024-11-17;Vina Sergi;1
2024-11-17;George Mgrdichian;1
2024-11-17;David Bowie;1
2024-11-17;J.J. Cale;1
2024-11-17;Rolando Alarcon;3
2024-11-17;Ural Cossacks Choir;1
2024-11-17;Gitano Family;1
2024-11-17;Viguela;1
2024-11-17;The Red Army Choir;1
2024-11-18;Joan Baez;1
2024-11-18;Snowy White;1
2024-11-18;Alice Cooper;1
2024-11-18;Orchestral Manoeuvres In The Dark;1
2024-11-18;Moriarty;1
2024-11-18;La Femme;2
2024-11-18;Vega;1
2024-11-18;Liquid Gold;1
2024-11-18;Pitbull;1
2024-11-18;Joe Cocker;1
2024-11-18;Radiohead;1
2024-11-18;Dua Lipa;1
2024-11-18;Gözyaşı Çetesi;1
2024-11-18;TV Girl;1
2024-11-18;Led Zeppelin;1
2024-11-18;Morrissey;1
2024-11-18;Erkin Koray;1
2024-11-18;0-100 seirene;1
2024-11-18;Monophonics;1
2024-11-18;Robi;1
2024-11-18;Robert Plant;1
2024-11-18;Hardal;1
2024-11-18;Vendredi sur Mer;1
2024-11-18;Palmiyeler;1
2024-11-18;The Stranglers;1
2024-11-18;Sexy Sushi;1
2024-11-18;Ozzy Osbourne;1
2024-11-18;Black Sabbath;1
2024-11-18;Tanju Okan;1
2024-11-18;alt-J;1
2024-11-18;Al Di Meola;1
2024-11-18;Bauhaus;1
2024-11-18;Neil Young;1
2024-11-18;Aquarium;1
2024-11-18;✧BRAINDAAMAGE✧;1
2024-11-18;Mia Martini;1
2024-11-18;berlioz;1
2024-11-18;Jimmy Whoo;1
2024-11-18;Dario Moreno;1
2024-11-19;Fenerbahçe Taraftar Korosu;1
2024-11-19;Rodríguez;1
2024-11-19;Redd;1
2024-11-19;Roger Waters;1
2024-11-19;Variété Française;1
2024-11-19;Hole;1
2024-11-19;David Bowie;1
2024-11-19;çatıkatı;1
2024-11-19;George Semper;1
2024-11-19;Wings;1
2024-11-19;Lou Donaldson;1
2024-11-19;Najoua Belyzel;1
2024-11-19;The Tiger Lillies;1
2024-11-19;Gary Moore;1
2024-11-19;Dire Straits;1
2024-11-19;Journers;1
2024-11-19;Bob Dylan;1
2024-11-19;Liza Minnelli;1
2024-11-19;Bo Burnham;2
2024-11-19;Eagles;1
2024-11-19;Locomondo;1
2024-11-19;Les Yeux Noirs;1
2024-11-19;0-100 seirene;1
2024-11-19;Blur;1
2024-11-19;Modern Folk Üçlüsü;1
2024-11-19;Sugarloaf;1
2024-11-19;Pan Pan;2
2024-11-19;Arleta;1
2024-11-19;Portugal. The Man;1
2024-11-19;The Whitest Boy Alive;1
2024-11-19;Richie Havens;1
2024-11-20;Soap&Skin;1
2024-11-20;Vina Sergi;3
2024-11-20;Luciano Pavarotti;1
2024-11-20;Ozan Ünlü;1
2024-11-20;Kalben;1
2024-11-20;Gülce Duru;4
2024-11-20;Selin Çıngır;1
2024-11-20;Açık Seçik Aşk Bandosu;1
2024-11-20;Mazhar Alanson;1
2024-11-20;Siyasiyabend;4
2024-11-20;Yavuz Çetin;4
2024-11-20;Umay Umay;1
2024-11-20;Kesmeşeker;3
2024-11-20;Yüzyüzeyken Konuşuruz;1
2024-11-20;Feyyaz Yigit;2
2024-11-20;Kerim Çaplı;1
2024-11-20;Vega;1
2024-11-20;Mehmet Güreli;1
2024-11-20;Alice Cooper;1
2024-11-20;Titanic;1
2024-11-20;La Femme;1
2024-11-20;Pink Martini;1
2024-11-20;The Clash;1
2024-11-20;Inti-Illimani;1
2024-11-20;Grup Yorum;1
2024-11-20;Duman;1
2024-11-20;Jefferson Airplane;1
2024-11-20;Marcoca;1
2024-11-20;Vanessa Paradis;1
2024-11-20;Vincent Peirani;1
2024-11-20;The Rolling Stones;1
2024-11-20;Elton John;1
2024-11-20;Mad Season;2
2024-11-20;Icona Pop;1
2024-11-20;Teoman;1
2024-11-20;Air;1
2024-11-20;David Bowie;1
2024-11-20;Roxy Music;1
2024-11-20;Parov Stelar;1
2024-11-20;Arthur H;1
2024-11-20;Urias;1
2024-11-20;Variété Française;1
2024-11-20;Yeni Türkü;1
2024-11-20;Minnie Riperton;1
2024-11-20;Grant Lee Buffalo;1
2024-11-20;Alice Phoebe Lou;1
2024-11-20;Frédéric Chopin;1
2024-11-20;Helldorado;1
2024-11-20;Oasis;1
2024-11-20;I Monster;1
2024-11-20;George Dalaras;1
2024-11-20;Fâné;1
2024-11-20;Waldeck;1
2024-11-20;Galt MacDermot;1
2024-11-20;Pentagram;1
2024-11-21;Depeche Mode;1
2024-11-21;Ben Webster;1
2024-11-21;Canozan;1
2024-11-21;Barış Diri;1
2024-11-21;İhtiyaç Molası;1
2024-11-21;Gaëtan Roussel;1
2024-11-21;Kesmeşeker;2
2024-11-21;Michelle Gurevich;1
2024-11-21;Joy Division;1
2024-11-21;Bulutsuzluk Özlemi;1
2024-11-21;Pentagram;1
2024-11-21;Neil Young;1
2024-11-21;Bob Dylan;1
2024-11-21;Tülay German;1
2024-11-21;Mozart Opera Rock;1
2024-11-21;Tame Impala;1
2024-11-21;Only Fire;1
2024-11-21;Dire Straits;1
2024-11-21;Michael Jackson;1
2024-11-21;The Neighbourhood;1
2024-11-21;Kadebostany;1
2024-11-21;Kid Francescoli;1
2024-11-21;MEG MYERS;1
2024-11-21;Camp Claude;2
2024-11-21;Ruth;1
2024-11-21;Hole;1
2024-11-21;Mitski;1
2024-11-21;Daft Punk;3
2024-11-21;La Femme;3
2024-11-21;Juniore;1
2024-11-21;Papooz;1
2024-11-21;Isaac Delusion;1
2024-11-21;Soko;1
2024-11-21;Reymour;2
2024-11-21;Jimmy Whoo;2
2024-11-21;Sexy Sushi;1
2024-11-21;The Dø;2
2024-11-21;Magnetic Ensemble;1
2024-11-21;Film Noir;2
2024-11-21;Dolu Kadehi Ters Tut;5
2024-11-21;Duman;1
2024-11-21;Kalben;2
2024-11-21;Hayko Cepkin;1
2024-11-21;Pinhani;1
2024-11-21;French 79;1
2024-11-21;Galatée;1
2024-11-21;Noir Désir;1
2024-11-21;Leonard Cohen;2
2024-11-22;The Dø;1
2024-11-22;The Moody Blues;1
2024-11-22;The Smiths;16
2024-11-22;Palmiyeler;39
2024-11-22;Ski Aggu;1
2024-11-22;Lou Reed;2
2024-11-22;America;2
2024-11-22;Joost;1
2024-11-22;Dusty Springfield;2
2024-11-22;Rodríguez;1
2024-11-22;The Doors;2
2024-11-22;Camille Jansen;1
2024-11-22;The Rolling Stones;1
2024-11-22;Cem Karaca;5
2024-11-22;Ahmet Kaya;3
2024-11-22;Hayko Cepkin;3
2024-11-22;Pinhani;1
2024-11-22;mor ve ötesi;5
2024-11-22;Bulutsuzluk Özlemi;1
2024-11-22;Duman;2
2024-11-22;Son Feci Bisiklet;1
2024-11-22;Mehmet Güreli;1
2024-11-22;Tuna Kiremitçi;1
2024-11-22;Pierre Cavalli;1
2024-11-22;Saun & Starr;1
2024-11-22;Barcelona Gipsy Klezmer Orchestra;1
2024-11-22;Hindi Zahra;4
2024-11-22;Bobby Womack;1
2024-11-22;Waldeck;1
2024-11-22;Piero Umiliani;3
2024-11-22;Gülce Duru;1
2024-11-22;Ilhan Ersahin;1
2024-11-22;Menahan Street Band;3
2024-11-22;Tchan-Tchou Vidal;1
2024-11-22;Parov Stelar;2
2024-11-22;Melanie De Biasio;1
2024-11-22;Iyeoka;1
2024-11-22;Jay-Jay Johanson;2
2024-11-22;Vincent Peirani;1
2024-11-22;Cortex;2
2024-11-22;Alberto Baldan Bembo;3
2024-11-22;Ibrahim Maalouf;1
2024-11-22;Anouar Brahem;1
2024-11-22;Mulatu Astatke;1
2024-11-22;Frank Sinatra;1
2024-11-22;Kovacs;2
2024-11-22;Micatone;1
2024-11-22;Roy Ayers;1
2024-11-22;The Olympians;1
2024-11-22;Ahmed Malek;1
2024-11-22;Yom;1
2024-11-22;Kesmeşeker;1
2024-11-22;I Marc 4;1
2024-11-22;La Femme;5
2024-11-22;Goran Bregović;2
2024-11-22;Pink Floyd;2
2024-11-22;Daft Punk;5
2024-11-22;Portishead;1
2024-11-22;Radiohead;3
2024-11-22;Flört;1
2024-11-22;Dire Straits;1
2024-11-22;Led Zeppelin;2
2024-11-22;Fleetwood Mac;1
2024-11-22;Stanisław Słowiński;1
2024-11-22;Kaan Tangöze;1
2024-11-22;The Cure;2
2024-11-22;Patti Smith;1
2024-11-22;Fugazi;1
2024-11-22;PJ Harvey;7
2024-11-22;Blonde Redhead;1
2024-11-22;Air;3
2024-11-22;Weyes Blood;1
2024-11-22;Morphine;2
2024-11-22;Michelle Gurevich;1
2024-11-22;Nouvelle Vague;1
2024-11-22;Massive Attack;1
2024-11-22;The Velvet Underground;1
2024-11-22;Björk;1
2024-11-23;The Velvet Underground;1
2024-11-23;Alexandra Epitheti;5
2024-11-23;N'Cheezed;1
2024-11-23;Ena Tsigaro Sta Mpam;3
2024-11-23;Xatzifrageta;1
2024-11-23;Melentini;2
2024-11-23;Fâné;1
2024-11-23;Pan Pan;2
2024-11-23;capétte;1
2024-11-23;The Bad Poetry Social Club;1
2024-11-23;Usurum;1
2024-11-23;Vina Sergi;1
2024-11-23;Pink Floyd;5
2024-11-23;Sakin;1
2024-11-23;Rolando Alarcon;2
2024-11-23;Radiohead;2
2024-11-23;La Femme;1
2024-11-23;David Bowie;3
2024-11-23;Ruth;2
2024-11-23;Wax Poetic;5
2024-11-23;Goran Bregović;1
2024-11-23;MPL;1
2024-11-23;Yves Simon;1
2024-11-23;Air;1
2024-11-23;The Doors;5
2024-11-23;Flört;1
2024-11-23;Björk;2
2024-11-23;Cage The Elephant;1
2024-11-23;Portishead;2
2024-11-23;Juniore;1
2024-11-23;PJ Harvey;3
2024-11-23;Patrick Watson;1
2024-11-23;Istanbul Sessions;3
2024-11-23;Joy Division;2
2024-11-23;Michelle Gurevich;2
2024-11-23;Leonard Cohen;3
2024-11-23;I Monster;2
2024-11-23;Jay-Jay Johanson;3
2024-11-23;mor ve ötesi;1
2024-11-23;Büyük Ev Ablukada;1
2024-11-23;The Dø;3
2024-11-23;Fleetwood Mac;1
2024-11-23;Massive Attack;1
2024-11-23;Monika;1
2024-11-23;Dury Dava;1
2024-11-23;Film Noir;1
2024-11-23;Nancy Sinatra;1
2024-11-23;Still Corners;1
2024-11-23;Lady Gaga;1
2024-11-23;Bülent Ortaçgil;1
2024-11-23;Tuğrul Karataş;1
2024-11-23;Mes;2
2024-11-23;Mirkelam;1
2024-11-23;Led Zeppelin;1
2024-11-23;Cortex;1
2024-11-23;Dire Straits;1
2024-11-23;Papooz;1
2024-11-23;Rodríguez;1
2024-11-23;Yavuz Çetin;1
2024-11-23;Pixies;1
2024-11-23;Malik Djoudi;1
2024-11-23;Δεσποινίς Τρίχρωμη;1
2024-11-23;Chapelier Fou;1
2024-11-23;Alice Cooper;1
2024-11-23;Sexy Sushi;1
2024-11-23;Oi Va Voi;1
2024-11-23;The Cure;1
2024-11-23;Morcheeba;1
2024-11-24;Papooz;1
2024-11-24;Büyük Ev Ablukada;13
2024-11-24;Lin Pesto;2
2024-11-24;Flört;2
2024-11-24;Siyasiyabend;1
2024-11-24;Kesmeşeker;1
2024-11-24;Henry The Lee;1
2024-11-24;Yavuz Çetin;1
2024-11-24;TurkodiRoma;1
2024-11-24;Yüzyüzeyken Konuşuruz;2
2024-11-24;Kalben;1
2024-11-24;uclercagri;1
2024-11-24;Vega;1
2024-11-24;Pinhani;1
2024-11-24;Hindi Zahra;1
2024-11-24;berlioz;2
2024-11-24;Vincent Peirani;1
2024-11-24;Marion Black;2
2024-11-24;Nil Karaibrahimgil;2
2024-11-24;Model;4
2024-11-24;The Stranglers;1
2024-11-24;Supertramp;1
2024-11-24;Pink Floyd;2
2024-11-24;The Velvet Underground;1
2024-11-24;Cream;1
2024-11-24;Leonard Cohen;1
2024-11-24;John Lennon;1
2024-11-24;Wallace Collection;1
2024-11-24;Brigitte Bardot;1
2024-11-24;The Alan Parsons Project;1
2024-11-24;Mes;1
2024-11-24;Cortex;2
2024-11-24;0-100 seirene;1
2024-11-24;Air;1
2024-11-24;The Doors;1
2024-11-24;Björk;1
2024-11-24;Wax Poetic;4
2024-11-24;Micatone;1
2024-11-24;Nouvelle Vague;1
2024-11-24;Yom;1
2024-11-24;Iyeoka;1
2024-11-24;Galt MacDermot;1
2024-11-24;Saun & Starr;1
2024-11-25;Micatone;2
2024-11-25;Fâné;1
2024-11-25;Vina Sergi;1
2024-11-25;Chris Isaak;1
2024-11-25;Jay-Jay Johanson;1
2024-11-25;Joy Division;1
2024-11-25;David Bowie;3
2024-11-25;The Cure;1
2024-11-25;Leonard Cohen;1
2024-11-25;Michelle Gurevich;2
2024-11-25;Palatine;1
2024-11-25;Peyk;1
2024-11-25;The Smiths;1
2024-11-25;La Femme;1
2024-11-25;Benjamin Clementine;1
2024-11-25;Pink Floyd;1
2024-11-25;Zeki Müren;3
2024-11-25;Alberto Baldan Bembo;1
2024-11-25;Pavlov's Dog;1
2024-11-25;Black Sabbath;1
2024-11-25;Yom;1
2024-11-25;Gorillaz;1
2024-11-25;Dionysis Savvopoulos;5
2024-11-25;Lavrentis Machairitsas;2
2024-11-25;Dio;2
2024-11-25;Mister Modo;1
2024-11-25;Papooz;1
2024-11-25;Hermanos Gutiérrez;1
2024-11-25;Menahan Street Band;2
2024-11-25;Gizmo Varillas;1
2024-11-25;George Dalaras;1
2024-11-25;Waldeck;3
2024-11-25;Chinese Man;1
2024-11-25;The Orion Experience;1
2024-11-25;The Cancel;1
2024-11-25;The Herbaliser;6
2024-11-25;Hindi Zahra;6
2024-11-25;Loopa Scava;1
2024-11-25;Iyeoka;1
2024-11-25;Warhaus;1
2024-11-25;The Gentle Waves;1
2024-11-25;Parov Stelar;2
2024-11-25;Isaac Delusion;1
2024-11-25;Galt MacDermot;1
2024-11-25;Portishead;3
2024-11-25;Phoebe Killdeer;1
2024-11-25;TM Juke;2
2024-11-25;Camp Claude;1
2024-11-25;Air;3
2024-11-25;Jitwam;1
2024-11-25;Quantic;1
2024-11-25;Jon Kennedy;5
2024-11-25;Boozoo Bajou;4
2024-11-25;DARGZ;1
2024-11-25;Noir Désir;1
2024-11-25;Thievery Corporation;1
2024-11-25;Monster Rally;1
2024-11-25;Oi Va Voi;1
2024-11-25;Mr. Scruff;1
2024-11-25;Emapea;1
2024-11-25;9 Lazy 9;1
2024-11-25;Funki Porcini;1
2024-11-26;Parov Stelar;4
2024-11-26;Jon Kennedy;1
2024-11-26;Onra;1
2024-11-26;Hindi Zahra;1
2024-11-26;Air;1
2024-11-26;Margo Guryan;1
2024-11-26;Käärijä;3
2024-11-26;Ski Aggu;2
2024-11-26;ZAPRAVKA;1
2024-11-26;Chappell Roan;1
2024-11-26;Billie Eilish;1
2024-11-26;Ian Carey Project;1
2024-11-26;Joost;1
2024-11-26;Charli xcx;3
2024-11-26;Daft Punk;2
2024-11-26;Lemongrass;1
2024-11-26;Wax Tailor;1
2024-11-26;L'Impératrice;2
2024-11-26;Jay-Jay Johanson;1
2024-11-26;Chelou;1
2024-11-26;DARKSIDE;1
2024-11-26;Still Corners;2
2024-11-26;Nilüfer Yanya;1
2024-11-26;La Femme;1
2024-11-26;Metronomy;1
2024-11-26;Moderator;1
2024-11-26;The Greenhornes;1
2024-11-26;Skinshape;1
2024-11-26;LEISURE;1
2024-11-26;Warhaus;2
2024-11-26;Nouvelle Vague;1
2024-11-26;Cortex;1
2024-11-26;Alberto Baldan Bembo;1
2024-11-26;Dionysis Savvopoulos;1
2024-11-26;Alexandra Epitheti;6
2024-11-26;The Bad Poetry Social Club;2
2024-11-26;Pan Pan;1
2024-11-26;Reymour;2
2024-11-26;Jolly Roger;1
2024-11-26;Siyasiyabend;1
2024-11-27;Siyasiyabend;2
2024-11-27;Alexandra Epitheti;9
2024-11-27;Ena Tsigaro Sta Mpam;5
2024-11-27;Xatzifrageta;5
2024-11-27;Fivos Delivorias;3
2024-11-27;Melentini;2
2024-11-27;capétte;2
2024-11-27;N'Cheezed;1
2024-11-27;Fâné;2
2024-11-27;Pan Pan;3
2024-11-27;Vina Sergi;1
2024-11-27;λάμδα /Lamda;1
2024-11-27;Usurum;1
2024-11-27;The Bad Poetry Social Club;2
2024-11-27;K. BHTA;1
2024-11-27;Maria Papageorgiou;1
2024-11-27;ολίνα;1
2024-11-27;Parov Stelar;2
2024-11-27;Warhaus;2
2024-11-27;Nouvelle Vague;1
2024-11-27;Cortex;1
2024-11-27;Alberto Baldan Bembo;1
2024-11-27;Reymour;1
2024-11-27;Kesmeşeker;1
2024-11-27;Mes;1
2024-11-27;Blues Pills;1
2024-11-27;David Bowie;2
2024-11-27;Tim Hardin;1
2024-11-27;Pink Floyd;1
2024-11-27;Nur Yoldas;1
2024-11-27;Flört;1
2024-11-27;George Dalaras;1
2024-11-27;UFO;1
2024-11-27;Locomondo;1
2024-11-27;Paolo Nutini;1
2024-11-27;Daniel Lavoie;1
2024-11-27;Padme;1
2024-11-27;Mademoiselle K;1
2024-11-27;Bülent Ortaçgil;1
2024-11-27;Giannis Parios;1
2024-11-27;Delphine Dupont;1
2024-11-27;A Toys Orchestra;1
2024-11-27;Haggard;1
2024-11-27;Blood, Sweat & Tears;1
2024-11-27;Barenaked Ladies;1
2024-11-27;Margo Guryan;1
2024-11-27;Jean Gabin;1
2024-11-27;Hula Hi-Fi;2
2024-11-27;Urge Overkill;1
2024-11-27;The Human League;1
2024-11-27;Alice Cooper;1
2024-11-27;W.A.S.P.;1
2024-11-27;Lake Street Dive;1
2024-11-27;Creedence Clearwater Revival;1
2024-11-27;Grand Soleil;1
2024-11-27;Cream;1
2024-11-27;Journers;1
2024-11-27;Oi Va Voi;2
2024-11-27;Elita;1
2024-11-27;Yusef Lateef;1
2024-11-27;Only Fire;1
2024-11-27;Black Sabbath;1
2024-11-27;Amy Macdonald;1
2024-11-27;Goran Bregović;1
2024-11-27;Joan Jett & the Blackhearts;1
2024-11-27;Sakin;1
2024-11-27;Lady Gaga;1
2024-11-27;Egemen Akkol;1
2024-11-27;Rainbow;1
2024-11-27;Led Zeppelin;1
2024-11-28;The Cult;1
2024-11-28;Pat Benatar;1
2024-11-28;Mr. Oizo;1
2024-11-28;Michael Jackson;1
2024-11-28;Stavros Lantsias;1
2024-11-28;Cage The Elephant;1
2024-11-28;dEUS;1
2024-11-28;Kesmeşeker;1
2024-11-28;çatıkatı;1
2024-11-28;Air;1
2024-11-28;Grigoris Bithikotsis;1
2024-11-28;Melanie;1
2024-11-28;Bronski Beat;1
2024-11-28;Rodrigo Leão;1
2024-11-28;Malcolm McLaren;1
2024-11-28;Radical Face;1
2024-11-28;The Be Good Tanyas;1
2024-11-28;AC/DC;1
2024-11-28;Erkin Koray;1
2024-11-28;Scorpions;1
2024-11-28;David Gilmour;1
2024-11-28;Daft Punk;1
2024-11-28;Nightmare;1
2024-11-28;Lady Gaga;1
2024-11-28;Rammstein;1
2024-11-28;Özdemir Erdoğan;2
2024-11-28;Yom;1
2024-11-28;Bobby Hebb;1
2024-11-28;Bill Withers;1
2024-11-28;Cortex;1
2024-11-28;Lelio Luttazzi;1
2024-11-28;Rudolph Johnson;1
2024-11-28;Piero Umiliani;2
2024-11-29;Amy Winehouse;1
2024-11-29;Charli xcx;2
2024-11-29;Chappell Roan;1
2024-11-29;Özdemir Erdoğan;5
2024-11-29;Mehmet Güreli;1
2024-11-29;Kalben;2
2024-11-29;Ayla Dikmen;1
2024-11-29;Barış Manço;1
2024-11-29;Baba Zula;1
2024-11-29;Nur Yoldas;1
2024-11-29;Ahmet Kaya;1
2024-11-29;Dolu Kadehi Ters Tut;1
2024-11-29;Son Feci Bisiklet;2
2024-11-29;Ayten Alpman;2
2024-11-29;mor ve ötesi;1
2024-11-29;Dario Moreno;1
2024-11-29;Nilüfer;1
2024-11-29;Yüzyüzeyken Konuşuruz;1
2024-11-29;Xatzifrageta;2
2024-11-29;Quantic;1
2024-11-29;Galt MacDermot;1
2024-11-29;Blur;1
2024-11-29;Eleni Karaindrou;1
2024-11-29;I Monster;1
2024-11-29;Nightmares On Wax;1
2024-11-29;Dua Lipa;2
2024-11-29;Sam Quealy;4
2024-11-29;The Doors;1
2024-11-29;Pierre Cavalli;1
2024-11-29;La Femme;30
2024-11-29;Sexy Sushi;1
2024-11-29;Galatée;1
2024-11-29;Iliona;1
2024-11-29;Magnetic Ensemble;1
2024-11-29;Reymour;1
2024-11-29;Billy Idol;1
2024-11-29;Blue Öyster Cult;1
2024-11-29;Goran Bregović;1
2024-11-29;Колибри;1
2024-11-29;Jake Shears;1
2024-11-29;anna RF;1
2024-11-29;Brazzaville;1
2024-11-29;Jimi Hendrix;1
2024-11-29;L'Impératrice;1
2024-11-29;Koma Wetan;1
2024-11-29;BADBADNOTGOOD;1
2024-11-29;Camp Claude;1
2024-11-29;Peyk;1
2024-11-29;Cage The Elephant;1
2024-11-29;Lake Street Dive;1
2024-11-29;Sohodolls;1
2024-11-29;The Tiger Lillies;1
2024-11-29;Palmiyeler;19
2024-11-29;The Smiths;8
2024-11-29;Teoman;2
2024-11-29;Adamlar;1
2024-11-29;Nil Karaibrahimgil;1
2024-11-30;Xatzifrageta;1
2024-11-30;Lucas Figueiredo Santana;1
2024-11-30;Patti Smith;1
2024-11-30;Simple Minds;1
2024-11-30;Demon Fuzz;1
2024-11-30;The Zombies;1
2024-11-30;Air;1
2024-11-30;Steve Vai;1
2024-11-30;Blur;1
2024-11-30;Lady Gaga;1
2024-11-30;Arcade Fire;1
2024-11-30;Üç nokta Bir;1
2024-11-30;Robbie Williams;1
2024-11-30;TV Girl;1
2024-11-30;Noriel Vilela;2
2024-11-30;Flört;2
2024-11-30;Porcupine Tree;2
2024-11-30;Haramiler;1
